{"Puerto Rico": 0.0, "Gambia, The": 0.008518954247252424, "Philippines": 1.3412765994781257, "Laos": 0.0, "Nigeria": 0.13150924625196142, "Turkey": 38.01476421600582, "United Kingdom": 23.393853595528917, "Cabo Verde": 8.31267071822774, "Gibraltar": 0.4238958572657869, "Botswana": 7.912746957855754, "Pakistan": 1.4936437263303102, "Belgium": 19.81629560041541, "Republic of Korea": 14.633788429262488, "Bulgaria": 40.79022448487802, "Lesotho": 0.27559549464551564, "Italy": 35.27136443125054, "Nepal": 4.553058941040782, "Serbia": 104.57303919123434, "Singapore": 0.11772077648724359, "Marshall Islands": 0.0, "Canada": 17.416828090046412, "Congo": 0.0, "Cuba": 0.6945286432624967, "Hong Kong SAR": 0.03996057223539441, "Monaco": 10.999164063531172, "Channel Islands": 0.5805211919261113, "Dem. Rep. Congo": 0.13760547436977966, "Switzerland": 44.825534607725096, "Antigua and Barbuda": 0.441289388755358, "Kenya": 1.39612808033359, "Maldives": 5.515688636416836, "Zimbabwe": 0.8895974801605129, "Australia": 0.03942548085386287, "Bosnia and Herzegovina": 32.30622755009304, "Togo": 0.2368471947800575, "India": 2.6026970288995734, "Norway": 6.734290590969929, "Saint Vincent and the Grenadines": 0.25835687610366825, "Faroe Islands": 0.5869474623326466, "Costa Rica": 18.891726688819187, "Estonia": 31.71396480557563, "Niger": 0.21265511834977419, "Papua New Guinea": 0.042322693511278334, "Portugal": 39.24412512553397, "Saint Martin": 2.631440450502605, "Uruguay": 6.573914361167802, "China": 0.007829104748004523, "Croatia": 85.00482922117834, "Curacao": 0.31738374233518263, "Denmark": 27.78059375636127, "Mauritania": 3.099759999030299, "Hungary": 58.4108912514721, "Georgia": 116.65852746150414, "Madagascar": 0.09322767226780113, "South Sudan": 0.09427287018828527, "Finland": 7.825641802259799, "Kosovo": 30.64554860070307, "San Marino": 86.91249683571007, "Cote d'Ivoire": 0.09776919147011799, "Tunisia": 9.886025112213959, "Greece": 15.898311806180196, "Solomon Islands": 0.0, "South Korea": 1.1003866282873471, "Belarus": 18.41763969549583, "Slovenia": 73.78406474934833, "Ghana": 0.332041811230877, "Sudan": 0.7087260520415938, "Grenada": 0.0, "Suriname": 0.2948689847955722, "Guinea-Bissau": 0.1487380985351231, "Armenia": 35.5146756560543, "Jamaica": 2.035085553300756, "Andorra": 62.963662559213624, "Sierra Leone": 0.027426061395432518, "El Salvador": 3.9269619607768225, "West Bank and Gaza": 44.406308330158765, "Czech Republic": 37.32060546356044, "Central African Republic": 0.0270951350835486, "Spain": 17.607406079867697, "Iran": 16.236118462444647, "Barbados": 0.4977167245262359, "Dominican Republic": 6.644698941661087, "Bangladesh": 1.3464197505918059, "Seychelles": 1.6096579476861166, "Mongolia": 0.4252271499207859, "Afghanistan": 0.484430119299216, "Brazil": 19.82662581375982, "Colombia": 18.148506615095332, "Thailand": 0.022364521953193255, "France": 16.597531269752533, "Qatar": 6.365870379680787, "Mali": 0.3335605105690828, "Albania": 27.378285876052846, "Latvia": 32.88391976323578, "Benin": 0.09926392530936783, "Uganda": 0.7612448399684894, "Morocco": 10.305426722162638, "Haiti": 0.12556832509319737, "Liechtenstein": 54.484036177400014, "Saint Lucia": 0.6252295764851156, "Moldova": 50.942139308609214, "Cyprus": 24.803263399095947, "Peru": 4.598960393270612, "Yemen": 0.08915736075283379, "Ivory Coast": 0.003888547388016057, "Saudi Arabia": 0.6945148037873118, "North Macedonia": 45.37783423761022, "Indonesia": 2.241103841304455, "Cameroon": 0.35388036723617666, "Djibouti": 0.35216847739958795, "Vietnam": 0.0034062228391678337, "Malta": 22.338614170354955, "Ecuador": 5.127630218989772, "Fiji": 0.09631327240234677, "Guam": 0.0, "Panama": 44.147915128753425, "Eswatini": 1.1447185547679395, "Malawi": 0.01993846238979849, "Equatorial Guinea": 0.06321177778700202, "Egypt": 0.4306146152299529, "Austria": 39.358237837532855, "Kyrgyzstan": 5.783403358090903, "Romania": 31.858550192194873, "Poland": 30.63776875778148, "Sao Tome and Principe": 0.6642788057861342, "Bahamas, The": 1.9439739375448857, "Macao SAR": 0.0, "Bhutan": 0.6365081611578758, "Senegal": 0.356784232009405, "South Africa": 6.731268334454358, "Honduras": 4.649470729141227, "Namibia": 4.203482934947379, "Mauritius": 0.07900697710614824, "Argentina": 14.49593329307194, "Burundi": 0.016106239730723497, "Timor-Leste": 0.011047486183185217, "Belize": 75.09686287612934, "Zambia": 0.251945156578316, "Paraguay": 12.418770009651924, "Bahrain": 9.949335857893887, "Nicaragua": 0.12003881225829366, "Mozambique": 0.298265564104016, "Greenland": 0.0, "Azerbaijan": 40.983007252260606, "Lithuania": 74.78505639866664, "Angola": 0.22264410387128492, "Chad": 0.03941658720939629, "Saint Kitts and Nevis": 0.8113348892933543, "Kuwait": 6.64186020167825, "Venezuela": 1.2158660571091437, "Kazakhstan": 4.923705710086559, "Trinidad and Tobago": 1.1162530437097042, "Sweden": 50.23599835612491, "Uzbekistan": 0.5045422629656408, "Vanuatu": 0.0, "Tajikistan": 0.41994186839739117, "Luxembourg": 84.1846282049155, "Cayman Islands": 0.5132310976986717, "Chile": 7.706672119227645, "Malaysia": 3.6816711249211984, "Rwanda": 0.24098116669957056, "Bolivia": 1.2172469373397012, "Lebanon": 21.38570936593841, "Jordan": 36.97258244861845, "Russia": 19.079575174811048, "Sri Lanka": 2.8940971425950557, "Oman": 4.100514051697834, "Cambodia": 0.021662690523146524, "Libya": 8.884501980137332, "Slovakia": 29.278250270158516, "United Arab Emirates": 12.71754506405363, "Iraq": 5.077979843192869, "Japan": 1.7654489172000238, "Burkina Faso": 0.2502642431883451, "Aruba": 0.5374913665449248, "Guatemala": 3.151559231994182, "Comoros": 0.08394611196866728, "United States of America": 60.454807396418076, "Iceland": 4.032910128179327, "Germany": 24.32287371231866, "Mexico": 8.15662472609237, "Netherlands": 32.66629550247074, "Israel": 14.242636071140597, "Liberia": 0.23436402774893236, "New Zealand": 0.06682355675644266, "Gabon": 0.42082967490973366, "Dominica": 0.0, "Guinea": 0.2170053392933291, "Algeria": 2.036357945046792, "Syria": 0.5356054385543608, "Brunei": 0.03297071046935455, "Tanzania": 0.0, "Ethiopia": 0.48537309443103077, "Ireland": 5.932331867827647, "Somalia": 0.07585545410196924, "Montenegro": 78.32450316983466, "Guyana": 5.329087583554436, "Ukraine": 30.33478841550256}