{"Gabon": 2.7485438142541985, "Uzbekistan": 0.1437902907945924, "Angola": 0.2293772924964246, "Ghana": 2.081484168847591, "Mozambique": 2.668394762772837, "Japan": 3.2976015214503906, "Benin": 0.24694927759891508, "Singapore": 0.4758925006931124, "Lebanon": 50.81476260331034, "Bahamas, The": 2.6775490083165407, "Egypt": 0.7022746616522861, "Fiji": 0.0, "Ethiopia": 0.42011284644030394, "Haiti": 0.41348761596345807, "Turkey": 7.804354433545999, "Netherlands": 28.22056713944084, "Channel Islands": 0.5805211919261113, "Jamaica": 4.35120673062876, "Azerbaijan": 2.2903735925711284, "Eswatini": 16.959254240746755, "Grenada": 1.1479284355903734, "Andorra": 75.37120782823514, "Austria": 17.301403074429235, "Guinea": 0.22371684463229802, "Uganda": 0.2000728278001117, "Cuba": 5.7969822692635615, "Puerto Rico": 0.0, "Estonia": 37.64754531758655, "Greece": 5.984196016932995, "Honduras": 10.370430456706869, "Sudan": 0.24658594748528148, "Slovakia": 33.51361712351746, "Nigeria": 0.7414988906238971, "Botswana": 10.343622198827115, "Antigua and Barbuda": 3.3832186471244112, "Ivory Coast": 0.003888547388016057, "Somalia": 0.03700266053754597, "Germany": 15.581610059139917, "Russia": 13.812484004475907, "Sierra Leone": 0.36750922269879577, "Curacao": 0.31738374233518263, "Dem. Rep. Congo": 0.15554685798976287, "Poland": 15.347101495289708, "North Macedonia": 14.748824636612206, "Burkina Faso": 0.4724089084903593, "Morocco": 2.1860352161303562, "Sao Tome and Principe": 4.052100715295418, "Trinidad and Tobago": 0.72710060645311, "Saint Lucia": 24.618414574101426, "Maldives": 19.69504430174207, "Namibia": 11.258920231752791, "Macao SAR": 0.0, "Luxembourg": 21.224758438742725, "Dominica": 0.7957728545963839, "Peru": 18.44857186614498, "Mali": 0.11118683685636095, "Chile": 22.242613545986828, "Equatorial Guinea": 1.337982629824876, "Slovenia": 62.21425266745405, "Gambia, The": 0.008518954247252424, "Afghanistan": 0.19602521106526416, "Solomon Islands": 0.0, "Guatemala": 4.6064559454263865, "Saint Martin": 2.631440450502605, "France": 26.03983766671977, "Malawi": 4.9746463662547225, "Cote d'Ivoire": 1.0843492144867632, "South Korea": 0.8851716688507808, "Kosovo": 15.97167328994813, "Ukraine": 10.24860033237947, "Iraq": 2.1230629244924315, "Cayman Islands": 0.5132310976986717, "Tajikistan": 0.0, "Yemen": 0.002939253651192323, "Libya": 10.853214874431107, "Zambia": 6.569769892489802, "Syria": 0.4410376033096064, "Saint Vincent and the Grenadines": 17.697446013101278, "Canada": 13.278488187093734, "Cabo Verde": 12.62486865330838, "South Sudan": 0.1820886944732633, "India": 0.999464263610347, "Armenia": 5.733159255234117, "Ireland": 34.90015122242463, "Tunisia": 17.084634526062576, "Venezuela": 1.5760670027463395, "Greenland": 0.0, "Portugal": 128.19756814961218, "Malaysia": 11.506451873782137, "Kuwait": 12.302382162924491, "Samoa": 0.0, "Vanuatu": 0.0, "Gibraltar": 0.4238958572657869, "Italy": 21.433050655407122, "New Zealand": 0.08425578895377554, "Costa Rica": 12.036930877535282, "Croatia": 13.546404425322681, "Iran": 7.737285605970262, "Mongolia": 0.5226750384442994, "Jordan": 8.568576998782863, "Cambodia": 0.006065553346481027, "Aruba": 0.5374913665449248, "Belgium": 19.86854195416415, "Malta": 32.28583422076747, "Mexico": 13.796533032600632, "Cyprus": 10.977321283309644, "Seychelles": 56.7770257911103, "Ecuador": 8.26456243282011, "Montenegro": 76.18900660143987, "Bhutan": 0.13104579788544501, "Belarus": 16.02885447321235, "Serbia": 24.0235360304187, "Belize": 6.514250288475156, "El Salvador": 3.696745476041315, "Algeria": 0.5926242936049488, "Oman": 3.5951285663345147, "Djibouti": 0.20543161181642633, "Sweden": 30.839672302231122, "Bahrain": 22.901752092842358, "Marshall Islands": 0.0, "China": 0.009914140477238103, "Mauritius": 0.14672724319713243, "Argentina": 20.247576299026996, "Georgia": 20.524006098605696, "Iceland": 0.7907666917998681, "South Africa": 14.782589327568198, "Monaco": 53.16262630706733, "Kazakhstan": 8.29568407602893, "Philippines": 1.6244364608397277, "Madagascar": 0.23730680213622102, "Saudi Arabia": 0.6357353396012307, "Nepal": 0.9902079271862111, "Burundi": 0.2800007830110392, "Tanzania": 0.0, "Barbados": 16.076250202197418, "Indonesia": 4.670132065485929, "United Arab Emirates": 37.79149083359326, "Brunei": 0.19782426281612728, "Mauritania": 0.909094582200332, "Denmark": 12.538708998120814, "Paraguay": 11.173648392093748, "Australia": 0.02478173082242809, "Brazil": 24.95819043325449, "Bosnia and Herzegovina": 9.135759726489807, "Togo": 0.7405893627824186, "Faroe Islands": 0.5869474623326466, "Zimbabwe": 2.7721886388335286, "Suriname": 10.34498688324466, "Israel": 73.29608303838695, "United States of America": 49.126146387748854, "Dominican Republic": 12.050916458960518, "Finland": 6.485138345391222, "Vietnam": 0.015550147744027068, "West Bank and Gaza": 10.930830497364678, "Qatar": 10.199516567127219, "United Kingdom": 44.72332989060264, "Uruguay": 20.48106526960188, "Bulgaria": 8.072851938919024, "Hungary": 12.23284642676085, "Kenya": 0.2190111391103296, "Liechtenstein": 22.92087039187173, "Norway": 5.422693335846471, "Chad": 0.2105204089592756, "Cameroon": 0.8910497858333685, "Lithuania": 33.52486591591472, "Hong Kong SAR": 0.03996057223539441, "Lesotho": 5.585850147571304, "Romania": 13.497096530100768, "Niger": 0.13298605383833143, "Pakistan": 0.8242976639236653, "Senegal": 1.6340191854189947, "Saint Kitts and Nevis": 0.5408899261955695, "Guinea-Bissau": 0.1636119083886354, "Kyrgyzstan": 1.6195299380728923, "Republic of Korea": 14.633788429262488, "Laos": 0.005977740687003804, "Switzerland": 21.021653002314547, "Congo": 0.24692304677763302, "Rwanda": 2.6960475128876844, "Papua New Guinea": 0.026044734468478974, "Panama": 38.041958719495824, "Moldova": 19.453371547732065, "Central African Republic": 0.021073993953871134, "Comoros": 11.634931118857285, "Guam": 0.0, "Liberia": 0.10126840705200782, "Spain": 76.1949778536108, "Nicaragua": 0.10912619296208514, "San Marino": 57.37912412454645, "Guyana": 7.4461223770212674, "Bangladesh": 0.33320975541749454, "Albania": 27.988916749339577, "Thailand": 0.7039694937743676, "Latvia": 40.12838993592229, "Bolivia": 18.290965446814003, "Colombia": 27.79870704114522, "Sri Lanka": 3.6240098020586946, "Timor-Leste": 0.16571229274777827, "Czech Republic": 64.63156586557328}