{"Mongolia": 0.5182455889659578, "Cabo Verde": 13.09245638120869, "Solomon Islands": 0.0, "China": 0.013440303842853718, "Djibouti": 0.20543161181642633, "Ireland": 43.914289021589646, "Oman": 3.6267151591697226, "Burundi": 0.29239019818851886, "Austria": 18.13983959212783, "Iraq": 2.027848531096845, "Hungary": 12.24308189472491, "Ethiopia": 0.3324193882027648, "Sweden": 33.83697066415756, "South Korea": 0.7978700935209285, "Singapore": 0.4884159875534575, "Moldova": 18.593316436475604, "Kosovo": 11.966812041272203, "South Sudan": 0.12397528134349842, "Jordan": 8.510595210212125, "Belize": 6.550847200208163, "Slovenia": 60.79111788742211, "Venezuela": 1.9778488642220433, "Nicaragua": 0.11567376453981026, "Dominica": 0.596829640947288, "Kenya": 0.22661946652359172, "Montenegro": 65.35078745861901, "Philippines": 1.7691215043259407, "Chile": 22.41296838743298, "Dominican Republic": 14.52920957774222, "Israel": 72.78798102033828, "India": 1.0142683536255381, "Libya": 9.902583701704668, "Seychelles": 48.14340588988476, "Japan": 4.0728422277215115, "Italy": 21.04331574877865, "Congo": 0.23364761415517962, "Tajikistan": 0.0, "United Arab Emirates": 36.174382896039425, "Iceland": 0.9884583647498352, "Zambia": 6.25863761976293, "Vanuatu": 0.0, "Portugal": 122.4120122885262, "Rwanda": 2.234449785125126, "Uganda": 0.3475458637753553, "Qatar": 8.79720914592971, "Bahamas, The": 2.5308339941622098, "Bhutan": 0.24337076750154074, "Vietnam": 0.0016290630969933119, "Monaco": 56.462375526126685, "Canada": 15.050650825303704, "Fiji": 0.0, "Mozambique": 2.79024142066391, "Nigeria": 0.7995762172119254, "Kazakhstan": 7.7262286906592585, "Switzerland": 24.047118357537503, "Cuba": 3.950367999972168, "Barbados": 14.632871701071334, "Cameroon": 0.8910497858333685, "Kyrgyzstan": 1.6261673558518794, "Jamaica": 3.5371725093084567, "Faroe Islands": 0.5869474623326466, "Malta": 30.7511202701324, "Botswana": 14.405416287695076, "Sri Lanka": 3.529658434946698, "Angola": 0.24553694519675984, "Turkey": 7.462235425291469, "El Salvador": 5.551759074198574, "Eswatini": 20.44318027699701, "Uruguay": 21.954315380673386, "Saint Lucia": 15.787046806249165, "Gambia, The": 0.008518954247252424, "Paraguay": 11.364269616931644, "Cyprus": 12.693645132165875, "Armenia": 7.230446002599387, "Madagascar": 0.23730680213622102, "Algeria": 0.5939515596600551, "Saint Vincent and the Grenadines": 33.71557233152871, "Tanzania": 0.0, "Malaysia": 11.376784078515298, "Panama": 45.41956886026823, "Latvia": 40.905116634849506, "Dem. Rep. Congo": 0.16311845107709522, "Cayman Islands": 0.5132310976986717, "Andorra": 87.22319136879298, "Laos": 0.0, "United Kingdom": 55.74908825562437, "Luxembourg": 18.920224406305945, "Czech Republic": 66.26101183131746, "San Marino": 40.502911146738676, "Colombia": 31.16414526648049, "Belarus": 18.435747985241505, "Guinea-Bissau": 0.17104881331539157, "Norway": 6.566000108133314, "Malawi": 5.45930437511444, "Costa Rica": 14.782245467520989, "Tunisia": 21.7741749197101, "France": 31.04517182210156, "Hong Kong SAR": 0.03996057223539441, "Zimbabwe": 4.300696589942655, "Brazil": 24.616293704639016, "Indonesia": 4.390937666318357, "Iran": 7.4338727760748435, "Peru": 15.032088294801676, "Maldives": 12.968594745136171, "United States of America": 52.652447602156315, "Comoros": 11.786034120400885, "Bulgaria": 6.842059443918941, "Brunei": 0.03297071046935455, "Bangladesh": 0.37535382387813476, "Ecuador": 8.316364983140241, "Greenland": 0.0, "South Africa": 19.230905752997337, "Mauritania": 1.174247168675429, "Bolivia": 17.623402906254615, "Sao Tome and Principe": 3.055682506616217, "Antigua and Barbuda": 1.323868166266074, "Guinea": 0.22930976574810547, "Marshall Islands": 0.0, "Netherlands": 30.77311084361281, "Pakistan": 0.8675046877608934, "Equatorial Guinea": 0.47408833340251516, "Poland": 15.753051743216204, "Germany": 17.705750186861522, "Guyana": 7.154117577922394, "New Zealand": 0.0755396728551091, "Sudan": 0.0, "Cote d'Ivoire": 0.8965879263225595, "Gabon": 2.4986761947765443, "Liberia": 0.07812134258297745, "North Macedonia": 12.33525593736186, "Niger": 0.12747050321830847, "Yemen": 0.004408880476788483, "Ghana": 1.4563814096562229, "Greece": 4.732433918492344, "Cambodia": 0.016463644797591357, "Grenada": 1.0203808316358873, "Gibraltar": 0.4238958572657869, "Guam": 0.0, "Azerbaijan": 2.529815262485222, "Russia": 15.10605309840398, "Ivory Coast": 0.003888547388016057, "Bahrain": 19.29805564037686, "Liechtenstein": 20.666358550048287, "Namibia": 12.003406310149463, "Sierra Leone": 0.24317774437283501, "Saint Kitts and Nevis": 0.27044496309778476, "Morocco": 2.67369223890088, "Channel Islands": 0.5805211919261113, "Puerto Rico": 0.0, "Guatemala": 4.762184097485066, "Benin": 0.2808442764850406, "Togo": 0.6398409291819465, "Lithuania": 47.734487983027186, "Central African Republic": 0.021073993953871134, "Thailand": 0.2215934285270524, "Uzbekistan": 0.17399476016268725, "Haiti": 0.5111518688137227, "Syria": 0.5397898560430667, "Romania": 13.226239442034988, "Denmark": 14.22543174762326, "Australia": 0.0315403846830903, "Finland": 5.871819196206179, "Timor-Leste": 0.16571229274777827, "Slovakia": 36.001927890797, "Saudi Arabia": 0.6132240554448593, "Ukraine": 11.140146809381264, "Kuwait": 11.928862417431338, "Republic of Korea": 14.633788429262488, "Chad": 0.24277034394878166, "Croatia": 14.6702958995522, "Senegal": 1.5419741132789764, "Lesotho": 8.839221352654953, "Argentina": 22.06179321357878, "Macao SAR": 0.0, "Suriname": 13.219959485001487, "Samoa": 0.0, "Spain": 75.71915942413918, "Mauritius": 0.1015803991364763, "Serbia": 23.05058179269389, "Somalia": 0.009250665134386493, "Estonia": 39.71514506042883, "Aruba": 0.5374913665449248, "Mexico": 14.635699788923803, "Belgium": 18.872129350527445, "Trinidad and Tobago": 0.8397499961852821, "Nepal": 1.083586082699989, "Bosnia and Herzegovina": 11.048599991344615, "Georgia": 22.4055333181224, "Afghanistan": 0.24409269577092282, "West Bank and Gaza": 10.53750354222938, "Saint Martin": 2.631440450502605, "Curacao": 0.31738374233518263, "Mali": 0.11409368226437039, "Lebanon": 56.67640154381359, "Egypt": 0.8247991770894935, "Albania": 23.133900789600776, "Papua New Guinea": 0.001627795904279936, "Honduras": 10.130041680042568, "Burkina Faso": 0.6045709245561146}