{"Slovenia": 1.5326066861882444, "Peru": 8.242623643891662, "Saint Lucia": 5.079990308941564, "Hong Kong SAR": 0.03996057223539441, "Chile": 21.588330349636127, "Guinea-Bissau": 0.14130119360836696, "Luxembourg": 3.4107103680064306, "Tanzania": 0.0, "Ireland": 7.071385842449524, "Togo": 0.259824907706481, "Poland": 0.3491397869099051, "Brazil": 31.80837669985802, "Montenegro": 2.9851027300142206, "Pakistan": 0.4492870829852821, "Angola": 0.37122313286603353, "Japan": 1.2121904446860456, "Bhutan": 2.1154535944364694, "Tajikistan": 0.2605478745531259, "Kuwait": 40.730630429003384, "Portugal": 14.449283176027839, "Rwanda": 6.721451227052341, "Georgia": 19.625480854999758, "Solomon Islands": 0.0, "New Zealand": 0.05520206862488742, "Barbados": 1.6922368633892018, "Gambia, The": 0.008518954247252424, "Bulgaria": 1.1181575744925893, "France": 3.0520693924138076, "Panama": 24.17151338871397, "United States of America": 3.8659486562108576, "Cyprus": 19.058346071674396, "Cayman Islands": 0.5132310976986717, "Niger": 0.011643940197826254, "Jamaica": 1.8073497890028143, "United Arab Emirates": 21.990328554077557, "Vanuatu": 0.0, "West Bank and Gaza": 2.567296869952876, "Zimbabwe": 5.744341623536471, "Paraguay": 26.4355136913492, "Spain": 9.453249818176213, "Saint Vincent and the Grenadines": 2.3252118849330143, "Iran": 13.160466885804587, "El Salvador": 2.9153375999679114, "Liechtenstein": 2.254511841823449, "Romania": 1.149113041194603, "Cabo Verde": 9.040029406072666, "Nigeria": 0.015212420917794454, "Congo": 0.5124316992267007, "Saint Martin": 2.631440450502605, "Suriname": 30.961243403535086, "Israel": 2.2217628615295766, "Jordan": 4.867641860011655, "Cameroon": 0.20702829596500194, "Kiribati": 0.0, "Slovakia": 0.6076716821145801, "Faroe Islands": 0.5869474623326466, "Norway": 3.400536264301753, "Morocco": 1.353688892124442, "Netherlands": 3.4913061449378326, "China": 0.0015739975603037814, "Eswatini": 2.8742389799064565, "Chad": 0.0026874945824588376, "Venezuela": 3.6956917607310067, "South Africa": 27.339312741699114, "Lesotho": 1.4519177278885702, "Andorra": 6.666740741563796, "Ecuador": 8.669115682939251, "Egypt": 0.4196571382396336, "Benin": 0.035105534560630085, "Kazakhstan": 9.08890919277693, "Lithuania": 1.3840540974460205, "Algeria": 0.8653774679292869, "Marshall Islands": 0.0, "Sweden": 2.426450527472427, "Bangladesh": 3.8527213687136648, "Macao SAR": 0.0, "Malta": 0.6536744604556793, "Serbia": 1.188937736585496, "Comoros": 0.0, "Guatemala": 8.881666926529059, "Bahrain": 17.226365409249347, "Philippines": 5.405803195532369, "Madagascar": 0.041316809300502765, "Antigua and Barbuda": 0.0, "Argentina": 48.41705298540821, "Colombia": 62.627686546767265, "Iraq": 14.580885083273763, "Vietnam": 0.40519242121579097, "South Sudan": 0.0645704590330721, "Kyrgyzstan": 14.467358285599238, "San Marino": 0.4219053244451945, "Somalia": 0.060129323373512206, "Armenia": 3.1346422549679374, "Azerbaijan": 0.5743749581867857, "Samoa": 0.0, "Haiti": 1.681854536096765, "Mauritania": 1.0637669243108054, "Indonesia": 7.447559426461877, "Iceland": 0.0, "Thailand": 6.037805390060715, "Italy": 1.1985829134549786, "Belarus": 7.232752729251251, "Guyana": 13.523472258266567, "Malaysia": 18.10654265286421, "Germany": 0.7604012673058885, "Dominica": 0.39788642729819196, "Greenland": 0.0, "Gabon": 0.6575463670464589, "Tunisia": 33.01734495959855, "United Kingdom": 26.441257527252827, "Mauritius": 1.4898458540016524, "Saudi Arabia": 3.887365273299329, "Uruguay": 40.958003788192364, "Fiji": 30.274471958471004, "Ivory Coast": 0.003888547388016057, "Lebanon": 2.137945806241139, "Uzbekistan": 1.4276929464693846, "Zambia": 15.029528372263925, "Albania": 0.0950982507577704, "Channel Islands": 0.5805211919261113, "Djibouti": 0.10271580590821316, "Namibia": 63.84827144649637, "Libya": 4.205120154299875, "Papua New Guinea": 0.13836265186379457, "Cuba": 21.75475472607519, "Oman": 40.77829135025276, "Hungary": 0.6141280778435998, "Australia": 0.12503509642225083, "Czech Republic": 1.2558917961117777, "Yemen": 0.01567601947302572, "Latvia": 2.72601197219647, "Monaco": 8.066053646589525, "Ukraine": 2.2771448825948353, "Mali": 0.027615031376089647, "Sudan": 0.09309537124275173, "Belgium": 5.6488260088817555, "Qatar": 4.227099348789619, "Russia": 14.281307561963187, "Mozambique": 1.4456941301129986, "Honduras": 10.427596080425818, "Cambodia": 4.546565486997992, "Senegal": 0.4312969094560867, "Seychelles": 141.64989939637826, "Grenada": 0.0, "Guinea": 0.2360212710870744, "Trinidad and Tobago": 16.569701144241296, "Dominican Republic": 8.037491692796053, "Brunei": 0.09891213140806364, "Bosnia and Herzegovina": 0.5755831566192062, "Mexico": 3.54725440443094, "Sao Tome and Principe": 0.19928364173584023, "Austria": 1.0315504949036498, "Bolivia": 16.880150189163402, "Nicaragua": 0.5674562034028426, "Saint Kitts and Nevis": 16.767587712062657, "Croatia": 1.735007463341821, "Palau": 0.0, "Kosovo": 0.74842337450405, "Turkey": 6.646149742938576, "Ethiopia": 0.08616392117525652, "Afghanistan": 4.472529240971832, "Sri Lanka": 8.935860726898659, "Guam": 0.0, "Liberia": 2.3696807250169827, "Puerto Rico": 0.0, "Canada": 1.7368181978596515, "Bahamas, The": 7.665859489563795, "South Korea": 1.2230508670419498, "Burundi": 0.192035935250934, "Malawi": 0.7070485508997773, "North Macedonia": 0.3359797337024631, "Republic of Korea": 14.633788429262488, "Sierra Leone": 0.9983086347937437, "Uganda": 2.035579673811459, "Singapore": 1.1521607911517457, "Syria": 0.2477175153313919, "Belize": 6.148281171145092, "Greece": 3.98190989141877, "Moldova": 2.435031033744854, "Costa Rica": 30.158837392667753, "India": 3.574863637827954, "Maldives": 36.83403777197389, "Estonia": 1.8629935182901811, "Kenya": 1.0499491830301657, "Dem. Rep. Congo": 0.41841281799997593, "Finland": 2.3290600601963685, "Curacao": 0.31738374233518263, "Botswana": 24.358362108508935, "Nepal": 5.408442793421004, "Burkina Faso": 0.007029894471582728, "Central African Republic": 0.012042282259354933, "Timor-Leste": 3.7561453022829747, "Gibraltar": 0.4238958572657869, "Cote d'Ivoire": 0.10443527270671696, "Equatorial Guinea": 0.2844530000415091, "Aruba": 0.5374913665449248, "Ghana": 0.1911471247114101, "Switzerland": 1.2711619306360755, "Laos": 0.08568094984705453, "Mongolia": 67.64212298375335, "Denmark": 3.4127287071446895}