{"Panama": 22.745108144898417, "Guinea-Bissau": 1.0932250242331547, "Italy": 20.490105410190516, "Australia": 0.020839182737041804, "Lesotho": 3.30042409441337, "Algeria": 0.5836652477329815, "Czech Republic": 68.30685688937587, "United Kingdom": 27.9377066347789, "Equatorial Guinea": 0.8533590001245273, "Kyrgyzstan": 1.2035850905896903, "Papua New Guinea": 0.053717264841237886, "Malaysia": 11.851189357060525, "Sri Lanka": 3.468723177020201, "Ghana": 2.523893484518717, "Botswana": 10.715694939792117, "Ivory Coast": 0.003888547388016057, "Guam": 0.0, "Latvia": 41.68184333377671, "Peru": 21.857145893528898, "Slovenia": 49.78919131871364, "Laos": 0.001992580229001268, "Samoa": 0.0, "Singapore": 0.39073279004276595, "Vietnam": 0.029619329036242033, "Bhutan": 0.037441656538698576, "Canada": 9.61216758430335, "Maldives": 23.031363281818596, "Gabon": 5.832436275702091, "Pakistan": 0.6062835970808585, "Portugal": 60.088262904450026, "Solomon Islands": 0.0, "Hungary": 13.923160850539897, "Colombia": 16.736095277925788, "Sao Tome and Principe": 6.4435044161255, "Madagascar": 0.15838110231859395, "Iceland": 0.4349216804899274, "Liechtenstein": 10.896807235480006, "Republic of Korea": 14.633788429262488, "Gambia, The": 0.008518954247252424, "Seychelles": 51.80171940735321, "Timor-Leste": 0.11047486183185218, "Brazil": 20.425334300119722, "Andorra": 57.0376707889347, "Sierra Leone": 0.28340263441946933, "Morocco": 1.6733098805427133, "Zimbabwe": 1.1851545377138415, "Oman": 4.21824589771997, "Saint Kitts and Nevis": 0.5408899261955695, "Monaco": 62.69523516212769, "Nicaragua": 0.10257862138436004, "Ecuador": 6.367602375859012, "Saint Lucia": 48.455292177596455, "Ireland": 20.85567353533559, "Norway": 4.997960212496921, "Malawi": 2.4685350166446667, "Comoros": 4.885663716576436, "Marshall Islands": 0.0, "Ukraine": 9.058691550619313, "South Africa": 5.678348860276878, "Cote d'Ivoire": 0.8338156613445858, "Djibouti": 0.26412635804969103, "Cayman Islands": 0.5132310976986717, "Belarus": 15.494659925714966, "Mozambique": 2.6020612540367707, "Yemen": 0.004408880476788484, "Luxembourg": 26.709549435942254, "Turkey": 9.445087334994893, "Zambia": 6.894499205412966, "Mauritania": 0.5366183297710294, "Senegal": 1.911907641308384, "Congo": 0.47260540135934065, "Antigua and Barbuda": 12.061909959313118, "Mali": 0.06540402168021232, "Chile": 18.830240239673884, "Azerbaijan": 1.3212049286331276, "Malta": 22.708082343655995, "Mauritius": 0.12415382116680437, "Gibraltar": 0.4238958572657869, "Channel Islands": 0.5805211919261113, "South Sudan": 0.8807410612111034, "Netherlands": 22.31435849104034, "Croatia": 10.877162174027571, "Dem. Rep. Congo": 0.13777007421950427, "Haiti": 0.34753253611652607, "Honduras": 11.761460633867973, "Mexico": 8.279241165667212, "Bahrain": 38.93558993207293, "Lebanon": 40.508446855095265, "Guyana": 6.807361878992482, "Kuwait": 20.920501381666515, "Chad": 0.11377060399075747, "Egypt": 0.5769040482955152, "Liberia": 0.034720596703545534, "Spain": 51.433908727592424, "Moldova": 26.2478069266581, "Fiji": 0.016052212067057797, "Saint Vincent and the Grenadines": 49.6045202119043, "Bolivia": 14.037425690238573, "El Salvador": 3.3602752291201896, "Switzerland": 17.0882148394944, "United Arab Emirates": 33.665379983885366, "Uzbekistan": 0.17314393003964232, "Hong Kong SAR": 0.03996057223539441, "Puerto Rico": 0.0, "Aruba": 0.5374913665449248, "Japan": 1.7774418411440898, "Curacao": 0.31738374233518263, "Cameroon": 0.987662990617036, "Iran": 8.555862752383177, "Macao SAR": 0.0, "Sudan": 0.11311588118742953, "Faroe Islands": 0.5869474623326466, "Tunisia": 9.971533793525582, "Jordan": 12.49578253197646, "United States of America": 34.577537104556065, "West Bank and Gaza": 11.641258253539288, "Ethiopia": 0.5943526101186702, "Greece": 9.662163673586624, "Sweden": 30.041040903664065, "Germany": 11.707258200907473, "Vanuatu": 0.0, "Syria": 0.4075622633999589, "Afghanistan": 0.11603791229725406, "Montenegro": 85.32801342102188, "France": 30.448263995093562, "Israel": 70.43524776285206, "Romania": 12.649837845905903, "Armenia": 5.448191777509759, "Barbados": 8.859357696566999, "Costa Rica": 8.27556686713218, "China": 0.0031888781741219465, "Namibia": 5.291577972604058, "Suriname": 6.069386603708862, "Cabo Verde": 9.2218690780339, "Russia": 11.556827225987089, "South Korea": 0.7431684735357679, "Grenada": 0.0, "Albania": 36.918141978384966, "Libya": 11.742718987270479, "Angola": 0.1310727385693855, "Indonesia": 4.1310107951704795, "Somalia": 0.07585545410196924, "Kosovo": 18.774279968942018, "Qatar": 14.159269537055444, "New Zealand": 0.043580580493332174, "Slovakia": 37.41895539090039, "Jamaica": 7.394144176992747, "Benin": 0.3667923093748591, "Guatemala": 3.3244949146670817, "Lithuania": 21.86805473964712, "San Marino": 48.09720698675217, "Paraguay": 10.701151100740235, "Iraq": 3.5294740025112112, "Estonia": 40.23204499613941, "Trinidad and Tobago": 0.5222835342127974, "Cyprus": 10.4886457430103, "Poland": 14.56266565939838, "Saudi Arabia": 0.9721539750492262, "Cambodia": 0.00866507620925861, "Serbia": 26.61739500245038, "Kazakhstan": 6.481606012337737, "Belgium": 19.113457746414486, "Burkina Faso": 0.3894561537256832, "Bahamas, The": 4.218056656937016, "North Macedonia": 15.071090911796201, "Tajikistan": 0.0, "Belize": 4.757598525290845, "Georgia": 15.286448695706135, "Burundi": 0.11646050266830835, "Togo": 0.7158441334770396, "Nepal": 0.47587904922262186, "Nigeria": 0.6070040290516208, "Uruguay": 14.75313486577206, "Greenland": 0.0, "Venezuela": 1.650211286410185, "Tanzania": 0.0, "Central African Republic": 0.0, "Thailand": 0.6366707488142997, "Brunei": 0.0659414209387091, "Niger": 0.054542667242449286, "Kenya": 0.3010723847819419, "Mongolia": 1.2756814497623579, "Uganda": 0.08261071599488481, "Rwanda": 1.3429326050346964, "Denmark": 7.7682544096444595, "Guinea": 0.2349026868639129, "Philippines": 1.6050129892484282, "Dominican Republic": 12.222521296492905, "Bangladesh": 0.2523387051281578, "Saint Martin": 2.631440450502605, "Cuba": 7.45704438029207, "Finland": 6.464435589300588, "Dominica": 0.7957728545963839, "Eswatini": 5.760920552799521, "India": 0.8544866391466063, "Argentina": 16.78381118584033, "Austria": 15.494178104418626, "Bulgaria": 11.359743710092294, "Bosnia and Herzegovina": 8.61643657766045}