{"Eswatini": 2.301879702522487, "Senegal": 0.21827831393204386, "Dominican Republic": 7.742171739833338, "Guinea": 0.2393770237565589, "Seychelles": 2.4876531918785436, "Montenegro": 82.52660932054698, "Germany": 21.398293109317777, "Austria": 47.840769286264745, "South Africa": 5.2397137317849625, "Peru": 5.0300305390568205, "Somalia": 0.08140585318260114, "Kyrgyzstan": 5.239135100213947, "Equatorial Guinea": 0.20017062965883975, "Turkey": 40.14316225034205, "Nicaragua": 0.12003881225829366, "Spain": 18.9526248922706, "Cyprus": 20.583967270657716, "Suriname": 0.3685862309944653, "Qatar": 7.097289718075173, "Dominica": 1.5915457091927678, "Republic of Korea": 14.633788429262488, "Iraq": 5.376705917128641, "Gambia, The": 0.008518954247252424, "Gabon": 0.44055606592112745, "Croatia": 83.16445693212751, "Sierra Leone": 0.014627232744230676, "Kazakhstan": 5.037905435065843, "Algeria": 2.3870880001086237, "Malta": 24.782788239884887, "Israel": 12.246521000235116, "Malawi": 0.016871006637521797, "Kuwait": 6.9746323385721505, "Uruguay": 5.133678258187537, "Sudan": 0.5539007751360856, "Poland": 34.81804049523402, "Bahamas, The": 2.7142277618551236, "United States of America": 50.483386965995734, "Vanuatu": 0.0, "Comoros": 0.10073533436240073, "Saint Vincent and the Grenadines": 0.12917843805183413, "Chile": 7.617725786083194, "Indonesia": 2.040035309175644, "Angola": 0.22847953401307264, "Ethiopia": 0.5004135422101437, "Nigeria": 0.0826731099410979, "Burkina Faso": 0.16379654118787756, "Jamaica": 1.8751859741128396, "Paraguay": 11.550835071028308, "Czech Republic": 38.46804604913378, "Pakistan": 1.3835482716977399, "Egypt": 0.38792314643650083, "Tajikistan": 0.40155025372305286, "Greece": 17.42468837989111, "Guyana": 3.960315087778468, "Azerbaijan": 39.0432446763494, "Maldives": 5.8385582151339195, "Luxembourg": 86.37393553573042, "Belarus": 17.374904010974106, "Costa Rica": 19.48607314644496, "Canada": 16.39677994058136, "Laos": 0.0, "Mexico": 7.513084380670796, "Nepal": 5.1777438209752, "Ghana": 0.20758483813868125, "Trinidad and Tobago": 2.109615844075221, "Fiji": 0.06420884826823119, "Netherlands": 28.91289413702058, "Moldova": 51.12490101975122, "Mauritania": 1.9728615065111372, "Lesotho": 0.3360920666408727, "Aruba": 0.5374913665449248, "China": 0.007287404288938936, "West Bank and Gaza": 41.354213120155414, "United Arab Emirates": 12.850598248789073, "Barbados": 0.7963467592419773, "Ecuador": 6.512320611673989, "Iran": 16.879815414454466, "Uzbekistan": 0.473486963474501, "Australia": 0.04224158662913879, "Syria": 0.5314210210656548, "Latvia": 30.94957154186897, "Honduras": 4.499960636337821, "Togo": 0.2227070637484123, "San Marino": 83.11534891570332, "Cote d'Ivoire": 0.10776831332501643, "Benin": 0.09926392530936783, "Andorra": 76.66751852798366, "Haiti": 0.08371221672879825, "Vietnam": 0.005479575871704776, "Kosovo": 31.38601002441452, "Singapore": 0.10269259225482953, "Gibraltar": 0.4238958572657869, "Saint Lucia": 2.0319961235766257, "Guatemala": 3.0586385666774003, "Malaysia": 3.6767526913076285, "Mongolia": 0.47395109418254266, "Saudi Arabia": 0.7916468261657293, "Denmark": 23.03960157398976, "Panama": 36.73329919156128, "Russia": 18.437589687057258, "Saint Kitts and Nevis": 0.0, "Uganda": 0.8177170091056177, "New Zealand": 0.08425578895377554, "Portugal": 42.22384636969028, "Bangladesh": 1.3583357450006357, "Ireland": 5.5507198763299614, "Burundi": 0.01982306428396738, "Bulgaria": 40.61615233500279, "Afghanistan": 0.6346410090043992, "Madagascar": 0.0, "Cayman Islands": 0.5132310976986717, "Ivory Coast": 0.003888547388016057, "Tanzania": 0.0, "Sao Tome and Principe": 0.9964182086792012, "Djibouti": 0.17608423869979398, "Niger": 0.13911444341613471, "Thailand": 0.017235044440992966, "Bosnia and Herzegovina": 31.998961353702338, "Belgium": 22.53932579936766, "Kenya": 1.5963901268898095, "Lithuania": 56.11570446200586, "Guam": 0.0, "Brazil": 18.53254906506241, "Solomon Islands": 0.0, "Congo": 0.37967737300216686, "Switzerland": 44.72057628317717, "Brunei": 0.03297071046935455, "India": 2.840419768140688, "Morocco": 11.018306867899467, "Italy": 39.27035257044931, "Greenland": 0.0, "Slovenia": 72.579873781629, "Tunisia": 10.198742575296471, "Norway": 7.308615254618692, "Estonia": 26.954177897574123, "Marshall Islands": 0.0, "Chad": 0.045687407901800245, "Cameroon": 0.317995462602243, "Hong Kong SAR": 0.03996057223539441, "Macao SAR": 0.0, "Venezuela": 1.1397178738868157, "Mozambique": 0.267215836610538, "Slovakia": 26.423241074016737, "Central African Republic": 0.021073993953871134, "South Sudan": 0.05811341312976489, "Finland": 8.41049466182022, "Faroe Islands": 0.5869474623326466, "Monaco": 9.899247657178055, "Belize": 16.46861027985292, "Liechtenstein": 51.478020388302085, "Botswana": 4.669512899110802, "Oman": 4.608771045500717, "Liberia": 0.049187511996689505, "Hungary": 59.29260370609041, "Albania": 24.380188391636818, "Cabo Verde": 8.910143926100359, "Georgia": 110.37269060773097, "Saint Martin": 2.631440450502605, "Serbia": 105.18807791656144, "Curacao": 0.31738374233518263, "Argentina": 16.262466216528093, "Zimbabwe": 0.6086719601098246, "Timor-Leste": 0.011047486183185217, "Namibia": 2.73169122611703, "Sri Lanka": 2.6005595560244004, "Cuba": 0.545791111674521, "Sweden": 50.08599454561144, "Guinea-Bissau": 0.1487380985351231, "Papua New Guinea": 0.03906710170271846, "France": 11.91365818180653, "Bhutan": 0.5429040198111293, "Armenia": 40.25286371787796, "Bolivia": 0.9393026825343056, "Japan": 1.7938472559732364, "Ukraine": 32.092776450659166, "Mali": 0.2826907159289177, "Romania": 33.454909542293734, "Mauritius": 0.12415382116680437, "Grenada": 0.0, "Cambodia": 0.020796182902220663, "Philippines": 1.541060878702924, "Dem. Rep. Congo": 0.10320410577733473, "Antigua and Barbuda": 0.5883858516738106, "Yemen": 0.05045718767880154, "Jordan": 41.85860877817692, "Bahrain": 9.45317475211965, "South Korea": 0.9390444764119238, "Lebanon": 23.04855610412596, "Rwanda": 0.24663800159862154, "Colombia": 18.263156842183236, "Iceland": 4.032910128179327, "Libya": 9.20067642782905, "United Kingdom": 22.60619255264453, "El Salvador": 2.853356238692967, "Zambia": 0.13197127249340365, "Puerto Rico": 0.0, "Channel Islands": 0.5805211919261113, "North Macedonia": 45.69324378353498}