{"Luxembourg": 31.456889542762013, "Faroe Islands": 0.5869474623326466, "Aruba": 0.5374913665449248, "Afghanistan": 0.04956959360271048, "Marshall Islands": 0.0, "Canada": 8.19534958832506, "Vanuatu": 0.0, "Philippines": 1.7901305654348978, "India": 1.0183457512992138, "Iceland": 0.19769167294996703, "Kosovo": 21.775935417750816, "Honduras": 7.406612734662871, "Chile": 18.145051961467907, "Russia": 8.954648687616366, "Guam": 0.0, "Italy": 23.46298906269755, "Kazakhstan": 4.430640681290867, "Lesotho": 0.6990714986130152, "Serbia": 40.99983904086871, "Slovakia": 42.1179338293209, "Nepal": 0.6586405728485186, "Syria": 0.3037887096800515, "Republic of Korea": 14.633788429262488, "Zambia": 3.8991512327596523, "Cote d'Ivoire": 0.4477384563915631, "Mali": 0.05959033086419345, "Togo": 0.957993877393964, "North Macedonia": 20.001079249185405, "Seychelles": 51.50905432595574, "Ecuador": 8.880437197737258, "El Salvador": 2.806870217736759, "Israel": 39.94439281019865, "Mauritania": 0.3914157228918097, "Ethiopia": 0.7654058382506145, "Bangladesh": 0.23937129944796082, "Qatar": 16.20724368455972, "Turkey": 9.654331292996412, "Australia": 0.019712740426931434, "Hong Kong SAR": 0.03996057223539441, "Curacao": 0.31738374233518263, "Thailand": 0.15019110155722443, "Algeria": 0.41045702754161345, "Liberia": 0.049187511996689505, "Angola": 0.10997541421061453, "United States of America": 22.66084731754169, "Ivory Coast": 0.003888547388016057, "China": 0.0017068674842255292, "Dominica": 1.392602495543672, "Malaysia": 8.805784689603845, "Bosnia and Herzegovina": 13.303327995845413, "South Korea": 0.8249446327055029, "Botswana": 12.359016212387553, "Iraq": 9.758021668186629, "Jordan": 30.324475422495613, "Portugal": 14.172455665482971, "Cameroon": 0.9357678977618088, "Malawi": 1.314404789850562, "Ghana": 1.4056593225092147, "Andorra": 36.111512350137225, "Germany": 9.64223175362728, "Sudan": 0.05672477817658708, "Poland": 21.534174551036898, "Saudi Arabia": 0.979240860802158, "Libya": 6.342459420695902, "Bahamas, The": 4.144699149859851, "Belarus": 14.331202309555419, "Puerto Rico": 0.0, "Samoa": 0.0, "Iran": 9.881334018928019, "Armenia": 6.607381517405453, "San Marino": 81.00582229347735, "Morocco": 1.0278008255018913, "United Arab Emirates": 29.480784217810225, "Cambodia": 0.18543263087813425, "Mexico": 5.945945502269034, "Japan": 0.9370320387240835, "Grenada": 0.0, "Latvia": 36.45387516792048, "Gibraltar": 0.4238958572657869, "Ukraine": 12.488087836703832, "Paraguay": 15.774920298021279, "Bahrain": 42.02571611715808, "Kuwait": 22.21763358874274, "Singapore": 0.17282411867276187, "Benin": 0.35831855965332776, "Maldives": 25.291450332838174, "Moldova": 40.22907782902094, "Belgium": 21.299096878236824, "Tunisia": 6.773509112470826, "Kyrgyzstan": 0.7721529349555183, "Lithuania": 19.207595196778662, "United Kingdom": 16.33611140421293, "Finland": 9.163557414617046, "Spain": 19.913972331407155, "Oman": 6.038782248403743, "Cabo Verde": 8.234739430244353, "Sri Lanka": 2.3561633064912435, "Suriname": 1.5234897547771233, "Gabon": 7.443424874965915, "Guinea": 0.6655576127810866, "Vietnam": 0.012292021550040444, "Denmark": 8.620208986176264, "Belize": 2.8179622034415006, "Colombia": 8.788053421364125, "Mauritius": 0.07900697710614824, "Madagascar": 0.1260692386348674, "Slovenia": 37.32991999929938, "South Africa": 2.940660644516991, "Sao Tome and Principe": 9.565614803320333, "Uruguay": 19.412236757648046, "Bolivia": 9.266462923601313, "Central African Republic": 0.021073993953871134, "Laos": 0.0, "Malta": 36.83313481524176, "Cyprus": 10.560159236712643, "Sweden": 35.54534739500535, "Yemen": 0.03723054624843609, "Papua New Guinea": 0.30114224229178815, "Brazil": 23.933650959026856, "Ireland": 15.293389659263278, "Lebanon": 35.68660806791983, "Trinidad and Tobago": 0.2867439011364378, "Cayman Islands": 0.5132310976986717, "France": 31.874494509661197, "Barbados": 22.59633929349111, "Nicaragua": 0.10476114524360174, "Norway": 5.353240120707551, "Channel Islands": 0.5805211919261113, "Liechtenstein": 4.88477565728414, "Saint Vincent and the Grenadines": 7.363170968954544, "Panama": 17.032758843014445, "Albania": 38.61990014983981, "Mozambique": 2.040813907071327, "Greenland": 0.0, "Switzerland": 12.088533379679378, "Djibouti": 0.6749895816825436, "Somalia": 1.0129478322153211, "Saint Kitts and Nevis": 0.0, "Saint Lucia": 45.5636053863528, "Jamaica": 9.826555957366509, "Monaco": 37.03051901388828, "Tanzania": 0.0, "Croatia": 9.303714110106243, "Senegal": 1.5367143948709752, "Burkina Faso": 0.15395468892766176, "Solomon Islands": 0.0, "Peru": 22.058399845384237, "Indonesia": 3.376357149774449, "Comoros": 2.2665450231540163, "Guyana": 2.682794091720898, "Burundi": 0.21557582408814524, "Argentina": 15.043027617575815, "Nigeria": 0.32493446736092735, "Chad": 0.1648330010574754, "West Bank and Gaza": 22.233644626717776, "Gambia, The": 0.008518954247252424, "Kenya": 0.4037848048609799, "Estonia": 67.00315416648269, "Greece": 13.602748085717149, "Uzbekistan": 0.1072045955036606, "Austria": 20.408928824287187, "Eswatini": 2.936451944839497, "Haiti": 0.1851815703394628, "New Zealand": 0.06972892878933147, "Cuba": 7.767124319026324, "Bulgaria": 18.56223489963522, "Montenegro": 80.32222576607495, "Pakistan": 0.5913095598120788, "Azerbaijan": 1.6703906972578484, "Timor-Leste": 0.07733240328229653, "Equatorial Guinea": 1.7067180002490547, "Romania": 14.584215033427455, "Costa Rica": 7.517067578352622, "Hungary": 28.630066105184962, "Rwanda": 0.8349488310999207, "Uganda": 0.05227709371551305, "Macao SAR": 0.0, "Dem. Rep. Congo": 0.09003611779936538, "Guinea-Bissau": 1.294021457255571, "Venezuela": 1.5830806512010274, "Zimbabwe": 0.5608756042678673, "Dominican Republic": 6.946670244915755, "Mongolia": 1.3642704393291882, "Namibia": 8.905198860821764, "Tajikistan": 0.0, "Czech Republic": 97.89529271269589, "Saint Martin": 2.631440450502605, "Bhutan": 0.018720828269349288, "Egypt": 0.6715368041210007, "Georgia": 9.841539313512891, "Sierra Leone": 0.1005622251165859, "Niger": 0.016546651860068887, "Antigua and Barbuda": 18.387057864806586, "Fiji": 0.016052212067057797, "Congo": 1.077965128943215, "South Sudan": 1.691746026666489, "Netherlands": 25.989460969859465, "Brunei": 0.0, "Guatemala": 3.4819438197871846}