{"Syria": 0.3037887096800515, "Antigua and Barbuda": 18.82834725356194, "Guyana": 4.161068387158943, "South Africa": 3.978942683928333, "Chile": 18.399830441152858, "Saint Vincent and the Grenadines": 22.735405097122804, "Thailand": 0.214001801808996, "Argentina": 12.916321614710654, "Zimbabwe": 0.5803843209380539, "Colombia": 10.538739685981145, "Niger": 0.039834532255721394, "Azerbaijan": 1.4209722910973333, "Denmark": 6.950672640234976, "Republic of Korea": 14.633788429262488, "Sao Tome and Principe": 9.034191758691424, "Brunei": 0.0659414209387091, "Lebanon": 39.77912811027616, "Kyrgyzstan": 0.8938389275702848, "Haiti": 0.36148457223799246, "Venezuela": 1.4408037825487834, "Paraguay": 13.193422221227207, "Croatia": 8.344894196154184, "Solomon Islands": 0.021327595925661386, "Burundi": 0.15486768971849516, "India": 0.8323118687213091, "Czech Republic": 74.24891210381519, "Nigeria": 0.4927687000100522, "Papua New Guinea": 0.09115657063967642, "Saint Lucia": 41.10884465389635, "Bosnia and Herzegovina": 8.962652010213356, "Puerto Rico": 0.0, "Estonia": 50.27928749651362, "China": 0.001747750537739913, "Belarus": 16.48910683758156, "Congo": 0.955831148816644, "Namibia": 6.75764286544674, "Kosovo": 18.64688875626048, "Iraq": 6.4625860982966294, "Luxembourg": 24.243698021234902, "Armenia": 5.385402333265408, "Bolivia": 9.082821183819178, "Madagascar": 0.12977715741824586, "Botswana": 8.768514262075264, "Cote d'Ivoire": 0.7843755588398104, "Macao SAR": 0.0, "Libya": 5.3623186328515695, "Jamaica": 10.131818790361622, "South Sudan": 1.1829308094858806, "Bahamas, The": 3.557839093242527, "Kuwait": 22.17688598014349, "Spain": 28.456248345199544, "Uzbekistan": 0.1097570858727954, "Norway": 4.8403548396816785, "Tunisia": 7.390393170504689, "Lesotho": 4.564130264983051, "Latvia": 36.9766719845061, "Guinea": 0.25727437132714276, "Vanuatu": 0.0, "Cambodia": 0.002599522862777583, "Liberia": 0.08680149175886386, "Switzerland": 13.154776676674249, "Brazil": 22.326242205427246, "Belgium": 16.356840605766617, "Moldova": 32.01555151652174, "Maldives": 26.448399656574388, "Philippines": 1.618226235228904, "Mongolia": 1.1959513591522104, "Cyprus": 9.046456953346384, "El Salvador": 3.1588358049766208, "Kenya": 0.3119414239437449, "Samoa": 0.07248062774022072, "Tajikistan": 0.0, "Peru": 18.88491504123744, "Somalia": 0.4995359172568706, "Marshall Islands": 0.0, "Honduras": 7.688043497586929, "Jordan": 19.788760182203102, "Turkey": 9.330876434841857, "Burkina Faso": 0.18769818239125882, "Sweden": 30.547998226232718, "Slovenia": 42.659833430284394, "Ethiopia": 0.635905033644016, "Afghanistan": 0.0555780291909178, "Costa Rica": 7.474614259950782, "Israel": 49.04446839431873, "Ukraine": 9.447817792747534, "Georgia": 13.347323704163406, "Nepal": 0.3685191378030377, "Tanzania": 0.0, "United Kingdom": 19.436311069340494, "Andorra": 45.185687248376844, "Mauritania": 0.47979991838350866, "Sri Lanka": 3.9391695769258495, "Malawi": 1.368085265515404, "Saint Martin": 2.631440450502605, "Gabon": 6.7924539715899215, "Channel Islands": 0.5805211919261113, "Panama": 16.481036060029187, "Benin": 1.0325869303523263, "Uganda": 0.05937645212132347, "Central African Republic": 0.021073993953871134, "Ireland": 18.505290587702127, "Timor-Leste": 0.17675977893096348, "Hungary": 16.780318622221788, "Trinidad and Tobago": 0.419874998092641, "Mexico": 7.320929302761727, "United Arab Emirates": 33.07614445148554, "Japan": 1.1792664742358274, "Chad": 0.13974971828785954, "Zambia": 5.043702086929717, "Vietnam": 0.03657987135975891, "Singapore": 0.19536639502138298, "Barbados": 25.980813020269512, "Dominica": 2.586261777438248, "France": 28.10025611883301, "Fiji": 0.0, "Grenada": 0.0, "Guatemala": 3.7108039769562944, "Malaysia": 9.355307863338139, "Dem. Rep. Congo": 0.10912970036742094, "Sierra Leone": 0.04388169823269203, "Germany": 9.200082044976874, "Albania": 36.122319774675205, "Eswatini": 4.2553668014199495, "Hong Kong SAR": 0.03996057223539441, "Italy": 20.47968088989164, "Iran": 9.154073624272387, "Ghana": 1.933075099047086, "Egypt": 0.6587293634829651, "Austria": 16.47101297244751, "Monaco": 34.46404739906434, "Seychelles": 53.557709895738064, "Senegal": 2.0083358121217367, "Gambia, The": 0.008518954247252424, "Suriname": 2.8012553555579363, "Ecuador": 7.068170199236062, "Mozambique": 2.8631612352319267, "Poland": 15.672162676205827, "Slovakia": 38.162829346592375, "Indonesia": 3.209495078349095, "Portugal": 26.464153570882214, "Gibraltar": 0.4238958572657869, "Djibouti": 0.32282110428295563, "Uruguay": 14.905824653194037, "Malta": 29.699557007660214, "Montenegro": 82.52660932054698, "Pakistan": 0.5742906099647432, "Curacao": 0.31738374233518263, "Bhutan": 0.09360414134674644, "Togo": 0.6681211912452368, "Mali": 0.03778899030412267, "Comoros": 3.8447319281649612, "Faroe Islands": 0.5869474623326466, "Netherlands": 21.23300965672532, "Cameroon": 0.39142149823783035, "Oman": 5.0251397692375415, "Saint Kitts and Nevis": 0.27044496309778476, "Russia": 10.1796456571589, "Liechtenstein": 5.2605276309213815, "United States of America": 25.218169720530575, "Saudi Arabia": 1.0055040256512582, "New Zealand": 0.049391324559109794, "Rwanda": 0.9016994829087219, "Greenland": 0.0, "Mauritius": 0.1015803991364763, "Bahrain": 48.54544713864761, "Belize": 4.098854114096728, "Serbia": 25.243328552555724, "Sudan": 0.07641161295552024, "North Macedonia": 14.789965012167608, "Equatorial Guinea": 0.8428237038266936, "Romania": 12.550941797402324, "Cabo Verde": 8.026922662288662, "Dominican Republic": 8.870240749348575, "Laos": 0.0, "West Bank and Gaza": 16.943549532456213, "San Marino": 70.03628385790229, "Kazakhstan": 4.9105881741092094, "Qatar": 15.833967608413623, "Guinea-Bissau": 1.0411666897458618, "Yemen": 0.009797512170641074, "Bangladesh": 0.23989700508364445, "Morocco": 1.1852611653844218, "Australia": 0.022528846202207357, "Algeria": 0.5080110825919242, "South Korea": 0.8475988389619836, "Iceland": 0.5535366842599077, "Cuba": 7.4456999922895974, "Angola": 0.1086287764855866, "Ivory Coast": 0.003888547388016057, "Nicaragua": 0.11349124068056855, "Aruba": 0.5374913665449248, "Greece": 10.667305976274855, "Guam": 0.0, "Lithuania": 20.330216853595985, "Canada": 8.204470734221918, "Cayman Islands": 0.5132310976986717, "Finland": 6.8759028666019475, "Bulgaria": 12.811710230816187}