{"Zimbabwe": 15.258742743586515, "Trinidad and Tobago": 13.210701159500168, "Papua New Guinea": 0.4036933842614241, "Honduras": 8.545527853371173, "Iraq": 21.618755092811668, "Nigeria": 0.06184488877794943, "Mauritius": 0.0, "Belize": 6.550847200208163, "Finland": 4.443329025952406, "Brunei": 0.5275313675096728, "Kazakhstan": 19.411638387188148, "Faroe Islands": 0.5869474623326466, "South Korea": 2.534232121837769, "El Salvador": 4.289995648244353, "Russia": 17.44265071058309, "Monaco": 16.49874609529676, "Paraguay": 18.236773137949015, "Dominican Republic": 6.473094104128698, "Kenya": 0.8926198411630679, "Comoros": 0.6379904509618713, "Bulgaria": 0.8355463194010557, "Cyprus": 78.08081620734146, "France": 6.5022903653693485, "Argentina": 35.37420984765715, "South Sudan": 0.04132509378116614, "Panama": 24.04031101958942, "Guam": 0.0, "Brazil": 20.707664780233586, "Cote d'Ivoire": 0.1516533481326262, "Costa Rica": 26.45124758557365, "Ecuador": 5.801063373151514, "United Kingdom": 50.1845889532067, "Gibraltar": 0.4238958572657869, "Antigua and Barbuda": 0.14709646291845266, "Republic of Korea": 14.633788429262488, "Vietnam": 1.9405103418093967, "Haiti": 0.1547407642562634, "Samoa": 0.0, "Ethiopia": 0.07979085008241209, "Palau": 0.0, "Uzbekistan": 1.435350417576789, "Tanzania": 0.0, "Croatia": 2.0791992273246116, "Grenada": 0.0, "Morocco": 3.5647924210719175, "Mauritania": 2.124377270211193, "Sweden": 2.07088593958866, "Kosovo": 0.4777170475557766, "Equatorial Guinea": 0.4214118519133468, "Belgium": 11.494197824723061, "Kiribati": 0.0, "Ukraine": 2.2114858640719595, "Guinea-Bissau": 0.4462142956053693, "Timor-Leste": 3.844525191748456, "Canada": 1.2161527862474584, "United Arab Emirates": 15.668109094780261, "Dem. Rep. Congo": 0.27109595249644386, "Botswana": 38.70176627270985, "Ireland": 11.624710741001445, "Laos": 1.085956224805691, "Kyrgyzstan": 19.991902350309637, "Algeria": 1.8342816881568627, "Chile": 11.947452375758818, "Bosnia and Herzegovina": 0.705413943826546, "Bahamas, The": 12.727527477888216, "Japan": 1.7163458135045095, "Marshall Islands": 0.0, "Syria": 0.08201458277863649, "Turkey": 6.6452935892642655, "Afghanistan": 2.8615174488837414, "Albania": 0.32033094992091077, "Madagascar": 0.0709801595675304, "Denmark": 12.379120965052895, "Greece": 20.917357919736165, "Dominica": 0.99471606824548, "Saint Lucia": 6.174142067790515, "Estonia": 3.2844683414942497, "Central African Republic": 0.0030105705648387333, "West Bank and Gaza": 1.3720707737277842, "Niger": 0.016546651860068887, "Thailand": 12.223134553372308, "Tunisia": 68.84059621880856, "Ivory Coast": 0.003888547388016057, "Senegal": 2.4597949754751607, "Portugal": 27.432354311280346, "Somalia": 0.0730802545616533, "Curacao": 0.31738374233518263, "Andorra": 32.59295473653411, "Gabon": 0.6115181213532067, "Burundi": 0.21185899953490134, "North Macedonia": 0.6308190918495226, "Saint Vincent and the Grenadines": 0.6458921902591707, "Kuwait": 39.158451863882206, "Yemen": 0.016165895081557774, "Jordan": 5.755753158119534, "China": 0.001819295881390085, "Germany": 1.0162741457281412, "Bahrain": 6.32823024382227, "Saint Martin": 2.631440450502605, "Sudan": 0.002002050994467779, "Seychelles": 103.45710627400769, "Puerto Rico": 0.0, "Israel": 5.87157642595991, "Georgia": 32.54658104617061, "Eswatini": 10.986809607174898, "Nepal": 5.413935626098286, "Gambia, The": 0.008518954247252424, "Bolivia": 11.0135410966638, "Hong Kong SAR": 0.03996057223539441, "Fiji": 78.70399576478438, "Maldives": 20.125537073364843, "Bangladesh": 7.202079591260224, "Lithuania": 1.835153210687686, "Spain": 40.83086552340344, "Malta": 20.434432046418845, "Vanuatu": 0.0, "Cabo Verde": 6.909907534526808, "Iceland": 0.0, "Nicaragua": 0.6700348247872028, "Mozambique": 4.530437511548382, "Latvia": 2.0762502144400514, "Belarus": 10.158750547323057, "San Marino": 0.843810648890389, "Hungary": 0.4006454603074913, "Czech Republic": 2.1368905187573533, "Guyana": 9.198151171614507, "Lebanon": 5.217754677220089, "Venezuela": 3.6420874475416043, "Rwanda": 6.376384298210234, "Peru": 5.890852573302677, "Austria": 1.813662102584108, "Namibia": 56.884463205493624, "Liberia": 0.88826859899904, "Philippines": 4.839219207889555, "Burkina Faso": 0.020386693967589912, "Oman": 24.772503308121294, "Cuba": 50.2115217865001, "Greenland": 0.0, "Colombia": 37.27381046196434, "Netherlands": 42.8682283310922, "Luxembourg": 19.47331257409077, "Pakistan": 0.8584015285402254, "Armenia": 4.612609173334947, "Aruba": 0.5374913665449248, "Iran": 22.608304777522566, "Guinea": 0.31767791937786316, "Sao Tome and Principe": 0.5978509252075208, "Romania": 0.3749193480583547, "Mali": 0.02398147461607785, "New Zealand": 0.07844504488799792, "Montenegro": 3.6510102620943155, "India": 3.02853416901875, "Saudi Arabia": 3.5534478916464862, "Suriname": 25.92389824661073, "Uganda": 1.2291570985332667, "Malawi": 2.003048606236679, "Saint Kitts and Nevis": 6.76112407744462, "Poland": 0.23852869062594811, "Italy": 2.1543218881292985, "Azerbaijan": 1.2955504639994742, "Serbia": 1.509827506321374, "Sierra Leone": 0.44430219460600684, "Egypt": 0.14301642045806431, "United States of America": 7.363786335644029, "Libya": 26.442722975284177, "Macao SAR": 0.0, "Jamaica": 2.069003645855769, "Solomon Islands": 0.0, "Singapore": 0.2604885266951773, "Indonesia": 14.614921486544201, "Ghana": 0.625572408146433, "Togo": 0.3835510542333767, "Guatemala": 14.634144410862422, "Benin": 0.035105534560630085, "Zambia": 9.566717516930913, "South Africa": 31.939126616957775, "Cambodia": 5.850659456491413, "Uruguay": 13.997939430684985, "Mongolia": 50.026202408389125, "Cameroon": 0.0, "Bhutan": 2.1341744227058186, "Norway": 3.17347767634759, "Congo": 0.0, "Angola": 0.35192132547396654, "Sri Lanka": 6.7795388576932405, "Australia": 0.3210360583814548, "Slovakia": 0.5919560351633408, "Djibouti": 0.17608423869979398, "Qatar": 4.494445727651015, "Slovenia": 3.325209149497709, "Cayman Islands": 0.5132310976986717, "Tajikistan": 0.45979036685845753, "Mexico": 6.289607468529485, "Chad": 0.0017916630549725584, "Switzerland": 3.6585473128136594, "Channel Islands": 0.5805211919261113, "Moldova": 2.67154618934038, "Lesotho": 1.8485063665247998, "Malaysia": 28.60024433257949, "Barbados": 5.026938917714983, "Liechtenstein": 4.133271710009657}