{"Canada": 7.954399317549783, "Afghanistan": 0.04656537580860681, "Hungary": 42.62779965089158, "United States of America": 20.465325168744442, "Equatorial Guinea": 2.5706122966714156, "Vietnam": 0.010662958453047133, "Republic of Korea": 14.633788429262488, "Gambia, The": 0.008518954247252424, "Ireland": 12.957461711307753, "Suriname": 1.5234897547771233, "Kenya": 0.5423650541739676, "Iceland": 0.2372300075399604, "Burundi": 0.2267262977478769, "Aruba": 0.5374913665449248, "Mexico": 5.633189597490463, "Pakistan": 0.6359678119308626, "Fiji": 0.048156636201173386, "India": 1.1512793703268667, "Ethiopia": 0.8459614568641678, "Norway": 8.283631544068921, "South Sudan": 1.3611452764171597, "Nepal": 0.6691268897778733, "West Bank and Gaza": 33.54255684839856, "Bahamas, The": 1.5405076486204754, "Guinea-Bissau": 0.8626809715037139, "Turkey": 11.67382657996033, "United Kingdom": 11.955775514978294, "Austria": 23.44564611583662, "Channel Islands": 0.5805211919261113, "Grenada": 0.0, "Oman": 6.325933092360174, "Haiti": 0.23718461406492836, "Montenegro": 90.77008532112471, "Morocco": 0.98745650956184, "Spain": -8.959830962104228, "Dominica": 0.596829640947288, "North Macedonia": 26.7069604647162, "Bulgaria": 24.679335037015008, "Honduras": 7.853677227849527, "Puerto Rico": 0.0, "Czech Republic": 113.69301904779488, "Luxembourg": 29.728489018434434, "Saint Vincent and the Grenadines": 15.37223412816826, "Namibia": 7.473494863905082, "Nigeria": 0.23870705346707374, "Indonesia": 2.6352699556142034, "Monaco": 23.09824453341546, "Mauritania": 0.3440670467355424, "Italy": 29.66534171961352, "Burkina Faso": 0.12724108993564737, "Ecuador": 9.232365634832771, "Jordan": 42.470953033082516, "Sao Tome and Principe": 12.554869429357936, "Somalia": 1.2146123321449467, "France": 33.20805732089247, "Central African Republic": 0.0090317116945162, "Comoros": 0.9401964540490735, "Guam": 0.0, "Peru": 23.364353436899645, "Colombia": 7.623672525963956, "Senegal": 1.442916083261623, "Slovenia": 35.65363143628099, "Croatia": 11.182720168583721, "Samoa": 0.0, "Malawi": 0.8213112776720839, "Kyrgyzstan": 0.8031275512574589, "Malaysia": 7.141118476574745, "Moldova": 50.99051740861741, "Uruguay": 21.57052753661274, "Barbados": 14.583100028618713, "San Marino": 107.16395240907943, "Macao SAR": 0.0, "Papua New Guinea": 0.4199713433042235, "Guatemala": 2.9562537595227982, "Algeria": 0.38988440368746624, "Belarus": 13.235650779942148, "China": 0.002125918782747964, "Uzbekistan": 0.10380127501148088, "Gabon": 6.41765254237344, "Denmark": 9.064600278257695, "Cyprus": 20.643561848742998, "Syria": 0.37576069048579375, "Botswana": 18.83928311752804, "South Africa": 2.460796741433789, "Cote d'Ivoire": 0.4499604834704294, "Iraq": 10.154869445239989, "Niger": 0.0, "Saint Lucia": 50.17467351293052, "Vanuatu": 0.0, "Australia": 0.03210360583814548, "Gibraltar": 0.4238958572657869, "Chile": 20.900880723977323, "Lebanon": 43.879983224001855, "Tajikistan": 0.0, "Kuwait": 25.137878871689214, "Malta": 48.31506881628935, "Cuba": 6.824279627265258, "Israel": 40.71443562016061, "Angola": 0.13825480643620114, "Mali": 0.07485126925624298, "Netherlands": 26.704865534025192, "Ivory Coast": 0.003888547388016057, "Paraguay": 15.933095356929325, "Switzerland": 12.231809822713062, "Belize": 2.08602396878137, "Zimbabwe": 0.2555641883794456, "Togo": 1.1029302204683276, "Madagascar": 0.0, "Tanzania": 0.0, "Bhutan": 0.0, "Romania": 17.583569817894293, "Saint Kitts and Nevis": 0.0, "Portugal": 9.520640613914944, "Sierra Leone": 0.049366910511778536, "Antigua and Barbuda": 19.563829568154205, "Djibouti": 0.5429264026576981, "Liechtenstein": 8.642295393656555, "Dominican Republic": 5.390254276598743, "Philippines": 2.0928460308476042, "Benin": 0.0, "Poland": 27.20807231654151, "Georgia": 9.44219476079914, "Bosnia and Herzegovina": 17.410308564504263, "Belgium": 20.939592206013344, "Maldives": 29.811624434877338, "El Salvador": 2.899842259649175, "Finland": 10.69814920983532, "Cambodia": 0.21229436712683594, "Brazil": 26.932270059732737, "Germany": 10.128201196325824, "Libya": 9.183813790618826, "Albania": 33.31441879177472, "Guyana": 3.3033042898060034, "Kazakhstan": 4.308724758677848, "Saudi Arabia": 0.9875783734526661, "Sweden": 37.75512575173612, "Costa Rica": 6.939702448087587, "Latvia": 35.16928870431008, "Armenia": 8.75671249346205, "Nicaragua": 0.09821357366587663, "Ukraine": 15.282780277067216, "Azerbaijan": 2.2960745847119397, "United Arab Emirates": 31.207551373552622, "Egypt": 0.6430758249253659, "Sri Lanka": 1.8942347383387608, "Congo": 0.5203969588001728, "Panama": 14.50963635985015, "Yemen": 0.08572823149310942, "Estonia": 90.28518877077963, "Cayman Islands": 0.5132310976986717, "Solomon Islands": 0.0, "Bolivia": 7.906521391160628, "Serbia": 49.6576918666271, "Mauritius": 0.1015803991364763, "Cabo Verde": 10.33888420579575, "Zambia": 3.2304967854597413, "Ghana": 1.5446754132084222, "Seychelles": 49.02140113407719, "Eswatini": 3.1355334326252255, "Mozambique": 1.5891815071661928, "Timor-Leste": 0.0662849170991113, "Russia": 8.010668793477775, "Guinea": 0.6689133654505711, "Brunei": 0.0659414209387091, "Curacao": 0.31738374233518263, "Argentina": 13.392843632392998, "Dem. Rep. Congo": 0.1509380621974736, "Qatar": 16.434235893026948, "Thailand": 0.0783784163864204, "Jamaica": 9.879855817095814, "Kosovo": 28.551555542250252, "Lithuania": 25.96895576911681, "Bahrain": 37.83010817008472, "Faroe Islands": 0.5869474623326466, "Chad": 0.1083956148258398, "Singapore": 0.18284290816103793, "Greece": 16.01428976418269, "Sudan": 0.0770789632870095, "Andorra": 31.296644036785597, "Uganda": 0.049372810731317884, "Marshall Islands": 0.0, "South Korea": 0.7547718474720142, "Mongolia": 1.226957505500601, "Cameroon": 1.1002863836219972, "Slovakia": 44.34169787292123, "New Zealand": 0.05520206862488742, "Venezuela": 1.4909012715108412, "Trinidad and Tobago": 0.3174664619724847, "Greenland": 0.0, "Rwanda": 0.902830849888532, "Lesotho": 0.22854260531579343, "Iran": 10.02296113203082, "Japan": 0.8238912467989344, "Liberia": 0.04629412893806071, "Bangladesh": 0.28466960172270306, "Laos": 0.0, "Saint Martin": 2.631440450502605, "Tunisia": 5.685105754632863, "Hong Kong SAR": 0.03996057223539441}