{"Djibouti": 0.3668421639579042, "Puerto Rico": 0.0, "Italy": 27.858345894169535, "Finland": 8.451900174001489, "Australia": 0.034356490458366216, "Turkey": 172.50743122125843, "Gabon": 0.4997352389553088, "New Zealand": 0.03195909236177693, "Solomon Islands": 0.0, "Ivory Coast": 0.003888547388016057, "Libya": 9.129010219685593, "Brazil": 20.83140012371192, "Denmark": 50.38316963979581, "Panama": 52.34301695407106, "Andorra": 55.37098560354375, "Algeria": 1.2788208440948894, "Germany": 27.5729232419359, "Kenya": 0.9613665138614716, "Bahrain": 10.13213205475808, "Georgia": 101.3183208452404, "Lesotho": 0.8536738492678166, "Curacao": 0.31738374233518263, "Canada": 17.870605098415, "Serbia": 93.65455907740076, "Brunei": 0.03297071046935455, "North Macedonia": 39.199921175040444, "United Arab Emirates": 12.410499253125685, "Lithuania": 98.28321929752795, "Iraq": 3.6704785240283386, "Mauritania": 4.703301831522552, "Senegal": 0.5286017000041061, "Thailand": 0.02462149205856138, "Niger": 0.2647464297611022, "Estonia": 34.23385199216465, "United Kingdom": 28.922443249315766, "Bosnia and Herzegovina": 29.843770286060497, "Uganda": 1.4789254351740515, "Switzerland": 51.49621923454927, "Latvia": 33.197597853187155, "Iran": 11.414421673902153, "Morocco": 7.824838830431129, "Netherlands": 48.39448132963049, "Papua New Guinea": 0.08952877473539649, "Mauritius": 0.1354405321819684, "Guatemala": 3.3571892228340974, "Saint Vincent and the Grenadines": 1.4209628185701753, "Antigua and Barbuda": 0.441289388755358, "Congo": 1.1469973785799725, "Mexico": 8.728610820474376, "Japan": 2.048753460180597, "Samoa": 0.0, "Maldives": 4.49326830381274, "Liberia": 0.0, "Peru": 5.0375006639073465, "Afghanistan": 0.47729510203821984, "Barbados": 0.4479450520736123, "Malaysia": 4.733768787896614, "Hong Kong SAR": 0.03996057223539441, "Israel": 20.180486673367724, "Cabo Verde": 6.857953342537885, "Cyprus": 31.01301843558273, "El Salvador": 3.4886651917611453, "West Bank and Gaza": 35.051834699499125, "Gibraltar": 0.4238958572657869, "Republic of Korea": 14.633788429262488, "Kosovo": 29.204435507243144, "South Sudan": 0.03228522951653605, "Portugal": 36.829187646609896, "Suriname": 0.8354621235874546, "Yemen": -0.16753745811796242, "Ukraine": 26.716461522197807, "Namibia": 8.693306669278096, "Channel Islands": 0.5805211919261113, "Liechtenstein": 63.87783551833106, "Albania": 28.038968460264723, "Comoros": 0.20147066872480146, "Jordan": 26.443938158151635, "Egypt": 0.4826982071579644, "Saint Lucia": 0.7815369706063944, "Sri Lanka": 3.2171195313882097, "Czech Republic": 46.79870570308633, "Greece": 12.060374552281758, "Norway": 7.118954551739333, "Benin": 0.020579106466576257, "Bhutan": 0.11232496961609573, "Luxembourg": 80.05951228685366, "Belarus": 19.999096999951348, "Chile": 9.012223381991951, "Togo": 0.2757325551170819, "Tajikistan": 0.4184092338411963, "Singapore": 0.13024426334758865, "Bolivia": 2.12801070085381, "Botswana": 5.066390489473473, "Slovenia": 73.67459284319203, "Mozambique": 0.32131763451584056, "Lebanon": 20.029176500574884, "Malawi": 0.016104142699452626, "Argentina": 12.100925366975359, "Armenia": 31.38023225042633, "Saudi Arabia": 0.488995116952291, "China": 0.007818883984625926, "Romania": 32.02903517133164, "Sweden": 57.825080028769065, "Mali": 0.41567889334534935, "Zambia": 0.31513140219636987, "Guinea-Bissau": 0.0, "Timor-Leste": 0.0, "Malta": 17.450266031295094, "Russia": 19.13330484803089, "Guinea": 0.2170053392933291, "Saint Martin": 2.631440450502605, "Cuba": 0.7399061952723875, "Burkina Faso": 0.6305815341009707, "Seychelles": 0.4389976220962136, "Poland": 28.398082172140676, "Rwanda": 0.6346968756735168, "Venezuela": 1.6316752154942238, "Laos": 0.0, "Cameroon": 0.2550588606288824, "Kyrgyzstan": 5.075412128332261, "Austria": 32.1711793192182, "Sudan": 0.6333154645833076, "Cambodia": 0.010398091451110331, "Uruguay": 10.4654405649225, "Zimbabwe": 0.5208827350939845, "Honduras": 5.367705488687004, "Central African Republic": 0.04214798790774227, "Fiji": 0.03210442413411559, "South Korea": 1.5628639608891597, "Ireland": 5.805127870661751, "San Marino": 57.80102944899164, "Pakistan": 1.351291424894069, "Aruba": 0.5374913665449248, "Colombia": 16.634499284615217, "Hungary": 45.13548930208628, "Monaco": 10.999164063531172, "Ecuador": 3.3145409577850824, "United States of America": 66.35807491452776, "Qatar": 5.230909337344672, "Faroe Islands": 0.5869474623326466, "Kuwait": 6.332857503133916, "Macao SAR": 0.0, "Sierra Leone": 0.03291127367451902, "Dominica": 0.596829640947288, "Vanuatu": 0.0, "Gambia, The": 0.008518954247252424, "Costa Rica": 19.412487394548435, "Philippines": 1.2577688848815167, "Saint Kitts and Nevis": 0.8113348892933543, "Spain": 15.452871099479564, "Iceland": 2.7281450867095445, "Belize": 52.882537454194384, "Burundi": 0.0384071870501868, "Montenegro": 75.38532509720527, "Bulgaria": 37.24529635036029, "Nigeria": 0.26621736606140295, "Marshall Islands": 0.0, "Guam": 0.0, "Jamaica": 2.984792144841109, "India": 2.1447739055483193, "Equatorial Guinea": 0.20017062965883975, "Guyana": 4.526074386032535, "Dem. Rep. Congo": 0.15307786024389364, "Slovakia": 42.93776674527721, "Mongolia": 0.1284540348719041, "Cote d'Ivoire": 0.11054584717359932, "Grenada": 3.316237702816634, "Sao Tome and Principe": 0.5314230446289073, "Nepal": 3.670710273699364, "Madagascar": 0.041316809300502765, "Trinidad and Tobago": 1.1367347509337353, "Croatia": 89.87970849064888, "Azerbaijan": 42.061920014909234, "Vietnam": 0.005183382581342356, "Bangladesh": 1.121855826548935, "Ghana": 0.34847952465814813, "France": 18.65667154664734, "Oman": 4.045955391346112, "Haiti": 0.24098971482532827, "Belgium": 21.475739312339712, "Paraguay": 11.354130190078562, "South Africa": 12.06392977700429, "Indonesia": 2.261849426268126, "Greenland": 0.0, "Uzbekistan": 0.44328249410640613, "Ethiopia": 0.45389012323237937, "Chad": 0.038520755681910004, "Syria": 0.744826312989658, "Nicaragua": 0.10912619296208514, "Cayman Islands": 0.5132310976986717, "Moldova": 53.31266620900984, "Dominican Republic": 8.066757634080647, "Eswatini": 3.7701056749422355, "Kazakhstan": 4.820308661794505, "Somalia": 0.0, "Angola": 0.2904248693643576, "Tunisia": 8.953980485917251, "Bahamas, The": 3.4844815861653613, "Tanzania": 0.0}