{"Hungary": 3.6599109020060245, "Honduras": 6.493428540383241, "Jordan": 11.83394162829097, "Saudi Arabia": 3.4913334224002015, "Nigeria": 0.02132582371653428, "West Bank and Gaza": 8.790400090349337, "Latvia": 16.408351514837385, "Gabon": 1.7161960179912576, "Guam": 0.0, "India": 13.805305317859832, "South Korea": 1.076903609606849, "Botswana": 13.630264744017984, "Qatar": 9.064555524791105, "Equatorial Guinea": 1.0324590371876996, "United Arab Emirates": 18.99590083607551, "Papua New Guinea": 1.5398949254488195, "Aruba": 0.5374913665449248, "Iran": 12.218870568156392, "San Marino": 0.843810648890389, "South Africa": 5.895470809307916, "France": 13.659858559388438, "Comoros": 0.1511030015436011, "Bulgaria": 3.6739463161899364, "Tanzania": 0.0, "Uruguay": 110.31630803687236, "Cambodia": 3.6670602517582433, "Afghanistan": 1.9339652049542344, "Kiribati": 0.0, "Niger": 0.016546651860068887, "Dominica": 0.7957728545963839, "Belgium": 15.44626129757427, "Madagascar": 0.2251236404194061, "Morocco": 0.8249041686383318, "Serbia": 4.858600231513741, "Curacao": 0.31738374233518263, "Dominican Republic": 10.912205288978159, "Ireland": 0.0, "Channel Islands": 0.5805211919261113, "Gambia, The": 0.008518954247252424, "Tajikistan": 0.0, "Burkina Faso": 0.011247831154532364, "Pakistan": 1.1824212248584909, "Ukraine": 6.758051038847174, "Libya": 3.9711510630080027, "Bahamas, The": 13.057636259735458, "Tunisia": 11.885706702315806, "Cameroon": 0.6801569616770198, "Spain": 9.85927345250851, "Canada": 7.657962075901966, "Saint Kitts and Nevis": 4.868009335760127, "Azerbaijan": 2.076586387290687, "Brazil": 30.10295439190577, "Solomon Islands": 0.0, "Nepal": 22.37530358511696, "Andorra": 22.963218109830855, "Kosovo": 1.83921063308974, "Liechtenstein": 3.006015789097932, "Nicaragua": 0.28809314941990477, "Romania": 1.7535597854067926, "United Kingdom": 4.618451059322344, "Haiti": 0.6976018060733187, "Chile": 36.36171325894194, "Ghana": 0.1315017074181691, "Oman": 16.907441692154656, "Macao SAR": 0.0, "Congo": 0.49119100703077534, "Brunei": 0.19782426281612728, "Poland": 2.6855170247445073, "Kazakhstan": 9.316537022972124, "Togo": 0.1467038594533192, "Suriname": 41.67481651777421, "Vietnam": 0.2719054405527019, "Israel": 0.2303816603574703, "Turkey": 9.85621232939886, "Rwanda": 0.26360850629577437, "Zambia": 1.4868763367590145, "Mauritania": 1.104802443646237, "China": 0.001165167025159942, "Kuwait": 29.317904387162585, "North Macedonia": 2.077588965547884, "Denmark": 17.051367533179764, "Mexico": 2.023003285259466, "Zimbabwe": 0.26336767504752034, "Armenia": 3.5162088776836034, "Barbados": 1.0949767939577189, "Singapore": 0.5134629612741476, "Indonesia": 2.211648277920922, "Sweden": 14.190638259408004, "Namibia": 12.908243236200807, "Laos": 0.22117640541914074, "Vanuatu": 0.0, "Marshall Islands": 0.0, "Italy": 5.837968288287038, "Albania": 0.5305481358065085, "Eswatini": 0.5101463124509296, "Sierra Leone": 0.0475385064187497, "Lebanon": 3.7612009554242256, "Fiji": 2.744928263466883, "Belize": 1.024713528524182, "Uzbekistan": 0.7159735485423047, "Syria": 0.3196894961371341, "Angola": 0.8815988306516201, "Mongolia": 19.626890638531275, "Greece": 15.702349049555302, "Peru": 10.190568553443411, "United States of America": 6.330916898319837, "Greenland": 0.0, "Trinidad and Tobago": 38.147179704758244, "Guinea-Bissau": 0.11155357390134232, "Netherlands": 17.618897889597747, "Maldives": 209.6230739820662, "Cabo Verde": 26.834340162278917, "Sao Tome and Principe": 0.4649951640502939, "Panama": 12.427219270411882, "Guyana": 14.709741754605739, "Senegal": 0.26561577960405336, "Ethiopia": 0.28423897074086096, "Liberia": 0.1099485562278942, "Slovenia": 13.423992492416676, "Austria": 5.239825914830396, "Kenya": 0.6285021895312561, "Malawi": 0.04064378871766615, "Malaysia": 24.110608704047333, "Faroe Islands": 0.5869474623326466, "Guatemala": 5.94348107415119, "Saint Lucia": 8.44059928254906, "Paraguay": 41.449976975389504, "Venezuela": 4.794830668558556, "Japan": 2.9561426114202916, "Saint Martin": 2.631440450502605, "Bhutan": 4.0811405627181445, "Bahrain": 176.19812461547514, "Egypt": 1.1607810364939612, "Lesotho": 0.060496571995357094, "Luxembourg": 6.660103353742287, "Mauritius": 0.8465033261373025, "South Sudan": 0.04649073050381192, "Bangladesh": 0.8724085024170374, "Republic of Korea": 14.633788429262488, "Seychelles": 202.8169014084507, "Cote d'Ivoire": 0.16443000383610754, "Russia": 6.300620519840129, "Iraq": 10.649112097980437, "Moldova": 2.676921533785733, "Hong Kong SAR": 0.03996057223539441, "Dem. Rep. Congo": 0.11472609525805791, "Cuba": 10.318351132026855, "Timor-Leste": 13.95297504936293, "Belarus": 11.848857590252623, "Monaco": 1.099916406353117, "Guinea": 0.20917524973119864, "Samoa": 0.0, "Sri Lanka": 12.764953708860512, "Slovakia": 2.3625855916696175, "Ecuador": 6.037052769054347, "Philippines": 5.9094921323081175, "Chad": 0.004479157637431396, "Puerto Rico": 0.0, "Germany": 5.336556238685733, "Djibouti": 0.5282527160993821, "Somalia": 0.02775199540315948, "Colombia": 43.811427495192135, "Montenegro": 8.404212301424652, "Finland": 2.3859926394456132, "New Zealand": 0.014526860164444058, "Cyprus": 5.983295639762694, "Mozambique": 0.09173783123073048, "Georgia": 23.67268430269488, "Gibraltar": 0.4238958572657869, "Czech Republic": 4.485327843256349, "Norway": 6.443121342887531, "Estonia": 9.74571753787638, "Kyrgyzstan": 4.637342554919102, "Yemen": 0.04506855598494895, "Bolivia": 23.98137773492804, "Ivory Coast": 0.003888547388016057, "Algeria": 0.6344331743407963, "Benin": 0.03994767725864803, "Iceland": 0.0, "Croatia": 7.958556501887786, "Portugal": 4.785359981278113, "Mali": 0.019621206504063692, "Burundi": 0.3221247946144699, "Saint Vincent and the Grenadines": 6.975635654799043, "Central African Republic": 0.03913741734290353, "Switzerland": 9.496229363860591, "Sudan": 0.154157926574019, "Antigua and Barbuda": 0.2941929258369053, "Argentina": 69.14750916759697, "Thailand": 5.56158469782804, "Costa Rica": 42.67973609998403, "Bosnia and Herzegovina": 3.4275327822737696, "El Salvador": 2.3353691480380765, "Lithuania": 17.541604153556598, "Uganda": 0.9342110265827794, "Jamaica": 2.5971568013552506, "Grenada": 0.0, "Australia": 0.04843701933474582, "Malta": 0.881039490179394, "Cayman Islands": 0.5132310976986717}