{"Cabo Verde": 44.96635316641318, "Iceland": 3.9538334589993407, "Netherlands": 48.20161880887612, "Germany": 25.069699454174348, "Channel Islands": 0.5805211919261113, "Jamaica": 6.376601400342369, "Mozambique": 0.25027962161409545, "Hong Kong SAR": 0.03996057223539441, "Belgium": 31.708560882271737, "Morocco": 1.4598375292094317, "Denmark": 13.380842772617669, "Burundi": 0.381593987466372, "Singapore": 0.4232938558796631, "Somalia": 0.6059185663023152, "Brunei": 0.0659414209387091, "Samoa": 0.0, "Guatemala": 8.32500331115908, "Barbados": 2.63789863998905, "Kyrgyzstan": 4.177148255575984, "Georgia": 31.075917933772853, "Ukraine": 28.999077989669548, "Argentina": 53.821556536187074, "Belarus": 12.876503033319615, "Zimbabwe": 0.5862369359391099, "Bahamas, The": 13.461102548659868, "Venezuela": 4.424610225128948, "Central African Republic": 1.514316994113883, "Japan": 3.602176533312892, "Bolivia": 10.46261587731739, "Zambia": 0.5334838712309105, "Gibraltar": 0.4238958572657869, "Eswatini": 0.18663889479912055, "Montenegro": 27.187397171821825, "Solomon Islands": 0.021327595925661386, "Grenada": 0.5101904158179437, "Philippines": 8.924226335213536, "Mongolia": 36.131019394831775, "Switzerland": 23.755567456015466, "Australia": 0.08673605787849832, "Israel": 1.476967356812275, "Pakistan": 2.6244803822716833, "Mauritius": 0.04514684406065613, "Azerbaijan": 19.950621996770785, "Saudi Arabia": 2.930218821021017, "Lithuania": 38.83553274907797, "Guinea-Bissau": 0.11155357390134232, "New Zealand": 0.026148348295999307, "Papua New Guinea": 1.899637820294685, "Algeria": 0.41742517433092136, "Iraq": 19.5105921306445, "Austria": 25.465296460772787, "Sweden": 55.163901316326495, "Saint Kitts and Nevis": 0.0, "China": 0.0020237111489620047, "Yemen": 0.20721738240905874, "Sudan": 0.2532594508001741, "Vanuatu": 0.09527557029574489, "Niger": 0.018998007691190203, "Costa Rica": 22.078555790184044, "Botswana": 11.162182228950122, "Seychelles": 59.41101152368758, "Honduras": 8.75220356989353, "Gambia, The": 0.008518954247252424, "South Africa": 2.156826012790337, "Kazakhstan": 15.404616955989356, "Moldova": 21.539005192528982, "Togo": 0.8625479929303587, "Cameroon": 1.7103297623988694, "Ethiopia": 1.4844157189453215, "North Macedonia": 30.56729903766491, "Senegal": 0.33399211890806707, "United States of America": 19.090675700605026, "Vietnam": 0.009774378581959871, "Lesotho": 0.10082761999226181, "Maldives": 30.91476216216071, "Cayman Islands": 0.5132310976986717, "Tunisia": 18.65555115701613, "Panama": 7.323783527798232, "Bangladesh": 2.5770090261213117, "Colombia": 34.26083654861712, "Slovakia": 12.258204621966527, "Cote d'Ivoire": 0.15276436167205937, "Canada": 22.77550130444928, "Croatia": 55.154974097813685, "South Sudan": 0.11364400789820689, "Jordan": 26.538688885816008, "Kosovo": 28.623213099383612, "Tajikistan": 0.0, "Indonesia": 2.0350732608637228, "Slovenia": 33.45050932488539, "Malawi": 0.07515266593077892, "Guyana": 13.158466259392975, "India": 20.746531204269296, "Finland": 4.764221745357239, "Benin": 0.1343694598699979, "Luxembourg": 29.24453687162271, "Syria": 0.9155505465288606, "Faroe Islands": 0.5869474623326466, "Namibia": 5.766903699580396, "Ecuador": 8.58277809907236, "Burkina Faso": 0.10544841707374092, "El Salvador": 2.406204989495156, "Fiji": 0.2889398172070404, "Laos": 0.08169578938905199, "Bosnia and Herzegovina": 30.804518111394813, "Nicaragua": 0.12658638383601875, "Qatar": 30.659080956972918, "Lebanon": 25.10523496451583, "Saint Martin": 2.631440450502605, "Hungary": 37.23517024354112, "Madagascar": 2.0732563025918953, "Nigeria": 0.03611172815999805, "Macao SAR": 0.0, "Iran": 29.241863757535953, "Ghana": 0.18504168829556653, "Norway": 9.042274355586358, "Timor-Leste": 5.744692815256313, "Dominican Republic": 4.432459834557506, "Tanzania": 0.0, "South Korea": 1.2957100895474913, "Czech Republic": 26.166197624107117, "Kuwait": 33.15836649764219, "Guinea": 0.502244316199509, "Bahrain": 63.604371927935816, "France": 47.48676571520532, "Uzbekistan": 0.940592701026165, "Djibouti": 6.485769458775745, "Russia": 6.211071064473733, "Equatorial Guinea": 2.591682889267083, "San Marino": 15.610497004472197, "Guam": 0.0, "Comoros": 0.2518383359060018, "Chad": 0.05643738623163559, "Poland": 34.827446200700344, "Sierra Leone": 0.05119531460480737, "Kenya": 1.4425932227502978, "Dominica": 1.392602495543672, "Oman": 25.071140185835983, "Dem. Rep. Congo": 0.09678471163807467, "Mexico": 3.0264424770678393, "Rwanda": 0.59396766440035, "Egypt": 0.8935324418469512, "Liberia": 0.14177576987281093, "Turkey": 71.35578552394992, "Nepal": 5.067887167429579, "Suriname": 10.148407560047612, "Brazil": 29.739126453614702, "Paraguay": 33.210678714577, "Sao Tome and Principe": 1.3949854921508817, "Saint Vincent and the Grenadines": 1.1626059424665072, "Malta": 7.701990381890831, "Bhutan": 1.0858080396222587, "Saint Lucia": 8.284291888427783, "Greece": 25.245868605185358, "Serbia": 38.874972809220225, "Ivory Coast": 0.003888547388016057, "Liechtenstein": 27.05414210188139, "Curacao": 0.31738374233518263, "Afghanistan": 0.30267494275594425, "Estonia": 33.103133382797786, "Romania": 15.380549632945101, "Trinidad and Tobago": 7.291487771755132, "Uganda": 0.08680579141650006, "Andorra": 56.11173457482862, "Spain": 18.454654201733003, "Puerto Rico": 0.0, "Antigua and Barbuda": 1.1767717033476213, "Chile": 35.72024436482391, "Peru": 30.61037454190943, "United Arab Emirates": 19.693333463754698, "Greenland": 0.0, "Thailand": 2.191312793211963, "Haiti": 0.10907955513146439, "Albania": 5.080248658901945, "Cambodia": 2.597789847535731, "Ireland": 8.540013809728492, "Congo": 0.0, "Libya": 7.843234132405932, "Cyprus": 69.85676443157202, "United Kingdom": 3.8254463187250423, "Monaco": 13.198996876237407, "Angola": 0.5005003544687151, "Cuba": 9.613738588317718, "Mauritania": 0.385102566070974, "Sri Lanka": 1.83395469823943, "Armenia": 26.125238762899187, "Uruguay": 81.816965552111, "Aruba": 0.5374913665449248, "Republic of Korea": 14.633788429262488, "Bulgaria": 22.09897140357057, "Portugal": 4.946726771344468, "Malaysia": 7.491668654123715, "Marshall Islands": 0.0, "Latvia": 29.03762889835583, "Italy": 23.030845312125916, "Mali": 0.5443068026497669, "West Bank and Gaza": 34.91462762212634, "Gabon": 4.3792588045294165, "Belize": 2.5251869095774486}