{"Congo": 0.5469478240450796, "Turkey": 7.367031136708127, "Cote d'Ivoire": 0.09554716439125169, "New Zealand": 0.07844504488799792, "Saint Vincent and the Grenadines": 10.33427504414673, "San Marino": 0.0, "El Salvador": 2.7338207562341466, "Armenia": 2.550217427770525, "Bangladesh": 1.4203690100113076, "Nepal": 10.417406846676114, "Gibraltar": 0.4238958572657869, "Timor-Leste": 6.031927456019129, "Kazakhstan": 5.11120931258633, "Seychelles": 119.84635083226632, "West Bank and Gaza": 4.646746353691428, "Bahrain": 67.50402412770525, "Syria": 0.14394396161148446, "Tajikistan": 0.0, "Romania": 1.3889728603264244, "Algeria": 0.8239004037072161, "Czech Republic": 2.2038357104477466, "Denmark": 8.362412932758858, "Samoa": 0.0, "Chad": 0.0026874945824588376, "Republic of Korea": 14.633788429262488, "Malaysia": 18.432053532016827, "Kiribati": 0.0, "Mongolia": 42.93465379356435, "Trinidad and Tobago": 24.63949379050962, "Luxembourg": 5.162156232658382, "United States of America": 4.435741622393578, "Ghana": 0.12539627100232553, "Mauritius": 2.4266428682602674, "Dominica": 0.19894321364909598, "Japan": 1.4862174427287562, "Hungary": 1.216558478013988, "Sao Tome and Principe": 0.3321394028930671, "Finland": 1.552706706797579, "Philippines": 6.216964366273794, "Bolivia": 25.20110631739993, "Georgia": 19.218456599349206, "Lebanon": 1.7607838267775462, "United Arab Emirates": 21.84704050897785, "Macao SAR": 0.0, "Kosovo": 0.9395101935263607, "Kenya": 0.8067544317848245, "Benin": 0.03268446321162111, "Sierra Leone": 0.34739677767547855, "Singapore": 0.20288048713759002, "Curacao": 0.31738374233518263, "Afghanistan": 4.137934484153536, "Malta": 0.28420628715464324, "South Sudan": 0.0, "Aruba": 0.5374913665449248, "Puerto Rico": 0.0, "Marshall Islands": 0.0, "Sweden": 7.5626921133871585, "Maldives": 63.578401209038944, "Djibouti": 0.14673686558316168, "Andorra": 10.18529835516691, "Senegal": 0.28577803350139075, "Morocco": 0.9780558922554201, "Cayman Islands": 0.5132310976986717, "Ireland": 6.666645851467131, "Costa Rica": 34.217374631883736, "Venezuela": 4.838415483955546, "Dominican Republic": 10.143309195228388, "Brunei": 0.1318828418774182, "Australia": 0.039988702008918055, "Cameroon": 0.6602822452643796, "South Korea": 1.0083884492213953, "South Africa": 12.517202340262346, "Vietnam": 0.2732383103593327, "Bosnia and Herzegovina": 1.7224217769507073, "Saint Martin": 2.631440450502605, "Pakistan": 0.5909797352026344, "Guyana": 13.468721358435527, "Iraq": 10.83627016133436, "Guam": 0.0, "Panama": 18.19675934858091, "Peru": 11.367332926955614, "Liechtenstein": 1.8787598681862074, "Italy": 3.06172899596337, "Egypt": 0.7799731348563688, "Guinea": 0.16555046502790052, "Monaco": 6.232859636000997, "Uruguay": 92.16273033770277, "Estonia": 4.242886972290933, "Thailand": 3.8276161196038547, "Kyrgyzstan": 7.6109057199053956, "Faroe Islands": 0.5869474623326466, "Burundi": 0.1338056839167798, "Saint Kitts and Nevis": 19.47203734304051, "Bulgaria": 1.931176909792146, "Uganda": 2.932357719709056, "France": 6.038525790281412, "Belize": 2.8179622034415006, "Russia": 8.29752389967356, "Barbados": 0.24885836226311794, "Dem. Rep. Congo": 0.33841729103381213, "Moldova": 1.9566253781084475, "Switzerland": 4.641490352230808, "Croatia": 3.666695934673809, "Angola": 0.4340662267006704, "Israel": 0.16884135382362547, "North Macedonia": 0.925658449996582, "Greenland": 0.0, "Austria": 2.96429955009754, "Papua New Guinea": 0.5794953419236573, "Antigua and Barbuda": 0.0, "Laos": 0.06575514755704184, "Poland": 1.0361325141701279, "Ivory Coast": 0.003888547388016057, "Bhutan": 2.3588243619380105, "Rwanda": 1.2874956230239967, "Qatar": 5.6041854134907725, "Greece": 7.607887428967834, "Guinea-Bissau": 0.12642738375485463, "Central African Republic": 0.030105705648387333, "Slovakia": 1.6370465574207438, "Guatemala": 8.522889913222595, "Equatorial Guinea": 0.2739177037436754, "United Kingdom": 10.482624929480556, "Netherlands": 8.088687088389964, "China": 0.0020850357292335805, "Spain": 10.901340089501872, "Gabon": 0.9665931595582946, "Paraguay": 38.99826356231486, "Yemen": 0.04653818281054511, "Colombia": 52.77713201100435, "Cuba": 11.174222182435633, "India": 6.540083139380603, "Cambodia": 3.6869899270395385, "Gambia, The": 0.008518954247252424, "Honduras": 8.873863743449242, "Mauritania": 0.8301801219398866, "Mexico": 2.4457220609626917, "Belgium": 6.954984852600286, "Belarus": 8.871552951234737, "Ukraine": 3.4036476513696656, "Nicaragua": 0.3972193423819899, "Liberia": 0.8448678531196081, "Jordan": 0.0, "Oman": 31.170224111470574, "Iceland": 0.0, "Portugal": 6.696721787753733, "Somalia": 0.06475465594070545, "Jamaica": 2.4421026639609074, "Saudi Arabia": 3.487998417339999, "Channel Islands": 0.5805211919261113, "Brazil": 32.470442014169635, "Madagascar": 0.14249002181840056, "Malawi": 0.07438580199270975, "Libya": 3.7856620536955266, "Hong Kong SAR": 0.03996057223539441, "Ethiopia": 0.16646461694509618, "Uzbekistan": 0.7657471107404328, "Namibia": 37.023865360265404, "Zambia": 9.237189248644356, "Cabo Verde": 12.469006077341609, "Sudan": 0.19419894646337457, "Albania": 0.41042402958616697, "Botswana": 20.42059226662931, "Grenada": 0.0, "Slovenia": 7.41672164208954, "Sri Lanka": 12.282058170238695, "Iran": 10.921655805928898, "Cyprus": 5.017863474781064, "Burkina Faso": 0.004217936682949636, "Bahamas, The": 6.088673087404737, "Indonesia": 2.9871002960286233, "Lesotho": 0.5646346719566662, "Haiti": 1.0400608745093116, "Comoros": 0.184681446331068, "Zimbabwe": 0.7764469234734301, "Kuwait": 36.64228703287833, "Serbia": 2.587688014921374, "Suriname": 46.31900302830447, "Argentina": 54.95738920408501, "Ecuador": 5.607831637830379, "Togo": 0.1573089577270531, "Norway": 3.29368516408803, "Eswatini": 1.0700629968482913, "Canada": 3.649978549725185, "Solomon Islands": 0.0, "Vanuatu": 0.0, "Montenegro": 3.5132362899398135, "Tunisia": 16.748707563766907, "Lithuania": 6.792117330059175, "Tanzania": 0.0, "Mozambique": 0.20135277829103918, "Saint Lucia": 3.5950700647894145, "Germany": 2.5771158883133136, "Latvia": 9.417811224492464, "Niger": 0.004289872704462304, "Mali": 0.04069583571213211, "Chile": 37.15167730246214, "Azerbaijan": 0.6670160804749768, "Nigeria": 0.02125473763747917, "Fiji": 6.91850340090191}