{"Mongolia": 0.3720737561806877, "Tajikistan": 0.0, "Central African Republic": 0.0, "Zambia": 7.961466947874786, "Trinidad and Tobago": 1.3517926767860637, "Yemen": 0.004408880476788483, "Monaco": 55.36245911977356, "Sierra Leone": 0.3144855040009596, "Suriname": 12.949662915605547, "Finland": 4.6037753856548225, "Djibouti": 0.49890534298274963, "Brunei": 0.03297071046935455, "Senegal": 1.606843973644323, "Lebanon": 70.46469335657929, "Ivory Coast": 0.003888547388016057, "Chile": 21.324506480139874, "Hungary": 15.037364648913286, "Guinea-Bissau": 0.2305440527294408, "Japan": 4.791738819613908, "Faroe Islands": 0.5869474623326466, "Chad": 0.3242910129500331, "Republic of Korea": 14.633788429262488, "Kazakhstan": 5.1104376928229565, "Iraq": 1.9417194805825166, "Hong Kong SAR": 0.03996057223539441, "Solomon Islands": 0.0, "Saint Martin": 2.631440450502605, "Nepal": 1.2903163307358394, "Namibia": 12.226752133668468, "Brazil": 26.334779973910376, "Andorra": 93.14918313907194, "North Macedonia": 17.30638465030647, "Italy": 25.636738465929298, "South Korea": 1.0329765511339168, "South Sudan": 0.056822003949103445, "Antigua and Barbuda": 2.0593504808583374, "Cambodia": 0.041592365804441325, "Pakistan": 1.137169288442707, "Georgia": 33.54494242795498, "Slovakia": 41.04926983663663, "Ukraine": 15.891091772205627, "Nigeria": 0.7376602423549208, "Cyprus": 19.54702161197374, "Togo": 0.611560667118656, "Ecuador": 8.678160572677687, "Madagascar": 0.16208902110197237, "Dominican Republic": 14.666227393756454, "Guinea": 0.19239648638377632, "El Salvador": 4.309918228654157, "Dem. Rep. Congo": 0.24558297578912827, "India": 1.1127845543410375, "Guyana": 6.113850481132658, "Ireland": 73.3649053654299, "Uruguay": 25.77981356824561, "Equatorial Guinea": 0.7058648519548558, "West Bank and Gaza": 14.467724047418523, "Curacao": 0.31738374233518263, "Niger": 0.1795618146296364, "Mozambique": 2.1927693916227424, "Bahrain": 17.870504388675545, "Botswana": 8.297222123519592, "Ethiopia": 0.3715500447128295, "Jordan": 10.501774681129154, "Lithuania": 41.48061391308591, "Samoa": 0.0, "Timor-Leste": 0.03314245854955565, "Channel Islands": 0.5805211919261113, "Gambia, The": 0.008518954247252424, "Dominica": 0.7957728545963839, "Morocco": 2.8742387414378343, "Benin": 0.1343694598699979, "Portugal": 93.43971800652642, "Costa Rica": 18.91719867986029, "Greece": 5.432300906438395, "Honduras": 9.156760291596864, "Sweden": 48.48039820344881, "Cote d'Ivoire": 0.8293716071868532, "Argentina": 24.775965986742122, "Panama": 64.44054822001614, "Egypt": 0.9948535277834107, "Congo": 1.5611908764005185, "Romania": 16.92081868687775, "Bulgaria": 7.493294075216822, "Singapore": 0.5159676586462166, "Czech Republic": 79.28586832660038, "Guatemala": 5.053851741396076, "Lesotho": 2.9710538691053148, "Malta": 34.047913201126256, "Israel": 95.78827609821833, "United Arab Emirates": 33.21943249658525, "Indonesia": 4.315979064159547, "Croatia": 18.294845903942402, "Saint Vincent and the Grenadines": 29.711040751921853, "Iceland": 2.609530082939565, "Moldova": 19.211481047691183, "Colombia": 35.19818729136798, "Comoros": 7.87414530266099, "Aruba": 0.5374913665449248, "Malaysia": 10.056855348764584, "Montenegro": 70.76989703002944, "Tanzania": 0.0, "Malawi": 3.0551859292675836, "Bolivia": 16.809423302895954, "Qatar": 7.122511074571531, "Azerbaijan": 3.8795251518224085, "Kuwait": 11.772663251134201, "Cayman Islands": 0.5132310976986717, "United States of America": 67.4580991446124, "Norway": 8.606856122215435, "Turkey": 10.622298637172014, "Russia": 16.554478432827533, "Mauritius": 0.09029368812131226, "Grenada": 1.5305712474538309, "Spain": 61.675536275212075, "Jamaica": 3.028401120983268, "Liechtenstein": 18.411846708224836, "Australia": 0.060264663590904675, "Afghanistan": 0.2091686639144677, "Germany": 21.769643875113942, "Estonia": 38.821338921595974, "Vanuatu": 0.0, "Bhutan": 0.5429040198111293, "Macao SAR": 0.0, "Saint Kitts and Nevis": 0.0, "Bosnia and Herzegovina": 6.3141039511836246, "Poland": 19.64889494736714, "Nicaragua": 0.12222133611753536, "Fiji": 0.03210442413411559, "Gabon": 1.3479700524452407, "Gibraltar": 0.4238958572657869, "Armenia": 12.16183235440565, "Switzerland": 29.421650976452284, "Guam": 0.0, "Kosovo": 16.783792270792954, "Mexico": 12.808882806984087, "Denmark": 19.177571173746166, "Saudi Arabia": 0.48024072866925765, "San Marino": 63.70770399122437, "Mali": 0.18240454935259215, "Eswatini": 19.78372284870678, "New Zealand": 0.11621488131555247, "Angola": 0.3151132276565364, "France": 27.856550710518544, "Rwanda": 1.6110665792497112, "Iran": 7.69076575130146, "Cabo Verde": 15.74212017264378, "Puerto Rico": 0.0, "Belize": 10.393522932173845, "Burundi": 0.3097353794369903, "Canada": 18.865190048918, "Zimbabwe": 5.786285364377372, "Kyrgyzstan": 2.0421122033350816, "Cameroon": 0.6453762079548995, "Ghana": 0.9167547602866648, "Greenland": 0.0, "Seychelles": 25.60819462227913, "Laos": 0.0, "Latvia": 46.49157404636447, "Belarus": 20.10774673842539, "Liberia": 0.3153787533905386, "Paraguay": 13.236007814010142, "Marshall Islands": 0.0, "Bahamas, The": 2.310761472930713, "South Africa": 26.901409484945507, "Syria": 0.6109249533510678, "Kenya": 0.24781409288910744, "Algeria": 0.5700607706681422, "Luxembourg": 20.92516901452594, "Peru": 15.427126073661821, "Tunisia": 26.00807619722568, "Barbados": 10.800452922219318, "Vietnam": 0.0034062228391678337, "Sudan": 1.0337256634768632, "Libya": 9.331361866208294, "Austria": 21.588533368381373, "Uganda": 0.11165354583683652, "Venezuela": 1.6221566925914328, "Somalia": 0.016651197241895687, "United Kingdom": 71.01432263816817, "Oman": 3.405609009323271, "Bangladesh": 0.4647237819443574, "Philippines": 1.7675359148082836, "Papua New Guinea": 0.03743930579843853, "Belgium": 18.576066679284576, "Mauritania": 1.720335233677712, "Slovenia": 68.59783319519347, "Saint Lucia": 13.755050682672541, "Netherlands": 33.71220378810013, "Sri Lanka": 3.0886968372635484, "Cuba": 4.530192275654107, "Serbia": 26.76549797309771, "Uzbekistan": 0.16931519448594015, "Burkina Faso": 0.7866451913701072, "Thailand": 0.38553152981697364, "Maldives": 10.86994248347513, "Sao Tome and Principe": 5.04851892397462, "China": 0.011447254984027502, "Haiti": 0.6481354961881197, "Albania": 20.676361783176286}