{"Iraq": 4.610993219096194, "Zimbabwe": 0.3931006409042618, "South Africa": 1.1129329567186421, "Norway": 7.711978157925499, "Ghana": 0.5800164595051388, "Saint Martin": 2.631440450502605, "Mali": 0.12136079578439397, "Cuba": 18.635048025395193, "Netherlands": 21.46378532258523, "Vanuatu": 0.0, "Macao SAR": 0.0, "Cyprus": 11.906996701440104, "Laos": 7.143400120969545, "Grenada": 16.963831325946625, "Malawi": 0.03144142146083608, "Faroe Islands": 0.5869474623326466, "Saint Kitts and Nevis": 37.86229483368987, "Venezuela": 5.344901097361951, "Chile": 6.825500395110165, "Russia": 22.626129406018112, "Cayman Islands": 0.5132310976986717, "Eswatini": 0.8087685441295225, "United States of America": 25.29424656936096, "Curacao": 0.31738374233518263, "Azerbaijan": 16.515774231931694, "Guyana": 14.855744154155174, "Iceland": 16.447947189437258, "Albania": 16.00653715386051, "Moldova": 59.78995626566006, "Afghanistan": 0.08224046211358783, "Solomon Islands": 0.0, "Barbados": 104.42096880560429, "Nigeria": 0.11722094436188345, "Madagascar": 0.006356432200077348, "Haiti": 0.8371221672879824, "China": 0.0017681920644971052, "New Zealand": 1.3190389029315206, "Yemen": 0.09258649001255817, "Montenegro": 61.263492951368775, "Japan": 0.39983955866347637, "Burundi": 0.509204963794412, "Greece": 25.064569728307905, "Liberia": 0.014466915293143973, "Morocco": 1.1507922352608828, "Mexico": 3.106731049830545, "Saint Lucia": 18.13165771806835, "Angola": 0.6459372287717319, "Jamaica": 6.299074331645198, "Poland": 7.483931725443785, "Antigua and Barbuda": 21.770276511930994, "Bhutan": 0.07488331307739715, "Nicaragua": 1.1021745489170598, "Slovenia": 51.60916175856218, "Fiji": 5.152760073525553, "Aruba": 0.5374913665449248, "Papua New Guinea": 3.3386093996781487, "Seychelles": 28.24218035485641, "Bolivia": 3.2311019621127235, "Slovakia": 32.392567640995736, "Austria": 26.41960136479441, "Namibia": 1.2770799652496807, "Ukraine": 34.30651532026868, "Colombia": 2.6519959706347964, "Guatemala": 7.576475729440559, "Bahrain": 4.012811750209171, "Suriname": 60.86587294488604, "Saudi Arabia": 0.13756895873338107, "Iran": 14.046239377850219, "Argentina": 2.4213930678361613, "Mauritius": 4.44696413997463, "Bulgaria": 48.041865457915115, "Costa Rica": 16.723777229098513, "Bosnia and Herzegovina": 17.58774397368763, "Mauritania": 0.9438169447149282, "Malaysia": 21.83069115899351, "Romania": 78.43637494674374, "Singapore": 56.563580753434515, "Central African Republic": 0.23181393349258247, "Greenland": 0.0, "Belarus": 21.45228725204168, "Sierra Leone": 0.0018284040930288345, "West Bank and Gaza": 13.327380782142543, "Hungary": 10.871529187540867, "Peru": 2.283221689607691, "Channel Islands": 0.5805211919261113, "Guam": 0.0, "Gibraltar": 0.4238958572657869, "Lesotho": 0.5243036239597615, "Cameroon": 2.7454712422238794, "Jordan": 12.586290689745418, "Guinea-Bissau": 0.0669321443408054, "Republic of Korea": 14.633788429262488, "Libya": 8.380730693481857, "United Arab Emirates": 1.1594634669802864, "Kyrgyzstan": 1.3119962476464826, "San Marino": 3.797147920006751, "Syria": 2.076307957895889, "Niger": 0.04412440496018369, "Nepal": 1.5045368051498, "Puerto Rico": 0.0, "Uzbekistan": 1.1430902703108574, "Zambia": 0.12557266534220832, "Palau": 2.3798946499968268, "Belize": 95.88390874047703, "Oman": 0.20100559076950164, "Somalia": 0.0, "Tajikistan": 0.0, "Georgia": 116.86203958932944, "Bahamas, The": 18.486091783445705, "Spain": 4.109699611182604, "Sri Lanka": 3.3933731268960363, "Australia": 9.041389202100868, "Armenia": 51.20237680264268, "Ivory Coast": 0.003888547388016057, "Chad": 0.0071666522198902335, "Tanzania": 0.0, "India": 1.1366007387016348, "Ecuador": 1.730862990855271, "Gabon": 8.41001803452421, "Togo": 0.21563699823258967, "Lebanon": 7.832883319357155, "Finland": 10.058951615536984, "Belgium": 29.816496500085183, "Cambodia": 1.5917744996408068, "Thailand": 15.007209767894139, "Canada": 7.713829094520207, "Dem. Rep. Congo": 0.015636985723838596, "Honduras": 3.4314032083605346, "Andorra": 11.481609054915427, "Kuwait": 0.8421172443845636, "Maldives": 16.03585574294846, "Pakistan": 0.3742849667976054, "Italy": 4.2979823350438355, "Gambia, The": 0.008518954247252424, "Malta": 3.15468978741654, "Brazil": 5.22822439547228, "South Korea": 2.88399096477319, "Vietnam": 3.6440660513288576, "France": 7.175249617874074, "Kosovo": 0.9952438490745346, "Turkey": 35.42061858284461, "Cote d'Ivoire": 0.12443351641651382, "Brunei": 58.06142113653336, "Botswana": 17.413004277162194, "Lithuania": 90.89134519190884, "Indonesia": 0.3568451764743403, "Sudan": 0.3463548220429258, "Panama": 3.2766950648027002, "Latvia": 113.29007015410482, "Sao Tome and Principe": 3.055682506616217, "Kazakhstan": 10.30112384103676, "Trinidad and Tobago": 14.879960298258718, "Dominica": 56.30092946269417, "Estonia": 84.72851446189101, "Ireland": 37.99641215343994, "Hong Kong SAR": 0.03996057223539441, "Egypt": 0.9084744559246595, "Djibouti": 1.5554107751815136, "Burkina Faso": 0.15606365726913654, "Portugal": 6.428240835315744, "Equatorial Guinea": 2.528471111480081, "Comoros": 0.369362892662136, "Monaco": 15.032190886825934, "Senegal": 0.03243493018267318, "Congo": 1.909007211108797, "Qatar": 2.5271799209350827, "South Sudan": 0.14980346495672728, "Serbia": 93.66484400591794, "Sweden": 5.664032771054698, "United Kingdom": 66.69148493632456, "Mongolia": 54.18102601907348, "Philippines": 6.532496680287562, "Marshall Islands": 0.0, "Algeria": 0.22530341285428904, "North Macedonia": 18.238899829562282, "Paraguay": 0.728010848051117, "Uruguay": 4.659101891875988, "Kenya": 0.25107480463764836, "Germany": 13.758709122737464, "Timor-Leste": 0.5523743091592609, "Tunisia": 1.1824629072807502, "Dominican Republic": 7.166164804550205, "Rwanda": 0.42539398440863163, "Benin": 0.27479159811251824, "Bangladesh": 0.2511996762508432, "Czech Republic": 11.11424072443909, "El Salvador": 5.8085389994804855, "Ethiopia": 0.5391618144546377, "Liechtenstein": 12.775567103666212, "Saint Vincent and the Grenadines": 71.95238999487162, "Uganda": 0.15586318681847408, "Croatia": 38.86205988234261, "Denmark": 12.818601856116853, "Luxembourg": 18.159728175601806, "Guinea": 0.08389381673711177, "Mozambique": 0.05692450040470968, "Kiribati": 0.0, "Switzerland": 11.022290082684503, "Cabo Verde": 3.4289766712689427, "Samoa": 0.0, "Israel": 14.725490783944608}