{"Fiji": 0.06420884826823119, "Hong Kong SAR": 0.03996057223539441, "South Africa": 28.48664367011818, "Botswana": 7.757716649120336, "Guam": 0.0, "Iraq": 2.0060437081818248, "South Sudan": 0.0400336846005047, "Faroe Islands": 0.5869474623326466, "Bolivia": 11.050765773646665, "Slovenia": 86.33228199251458, "Algeria": 0.5999242569080333, "Mali": 0.2572558186088352, "Japan": 3.5814717683905894, "Liberia": 0.0, "New Zealand": 0.0755396728551091, "Congo": 0.05310173048981355, "Mexico": 8.14072378141691, "Sierra Leone": 0.26877540167523867, "Uganda": 0.6144172002119559, "Montenegro": 67.57813334178347, "Belize": 14.455780134537568, "Namibia": 15.89764118176284, "United Arab Emirates": 20.406849443434872, "Ivory Coast": 0.003888547388016057, "Estonia": 40.88893866443826, "Eswatini": 18.39015243420668, "Thailand": 0.5502903475088469, "Timor-Leste": 0.05523743091592609, "Peru": 3.1313005696967684, "Dominica": 3.3820346320346317, "Austria": 22.949986907676987, "Libya": 6.993778782940845, "Panama": 76.03009082601747, "Turkey": 15.210939870007278, "Poland": 23.96235147422281, "Samoa": 0.0, "Sudan": 0.0, "Haiti": 0.23845298098506168, "China": 0.005386342300520083, "Republic of Korea": 14.633788429262488, "Bangladesh": 0.5742457893784535, "Rwanda": 0.9763697035761945, "Gambia, The": 0.008518954247252424, "Slovakia": 50.34245573380271, "Argentina": 20.78036542620218, "Singapore": 0.5360052376227687, "Barbados": 17.91780208294449, "India": 1.553331690682936, "Marshall Islands": 0.0, "Benin": 0.06415839074873773, "Bosnia and Herzegovina": 11.113515384948283, "Djibouti": 0.38151585051622033, "Oman": 3.47165370343325, "Israel": 75.76242916947412, "Saudi Arabia": 0.33308363038779243, "Bulgaria": 11.128330146140533, "Tanzania": 0.0, "Netherlands": 45.396870269871535, "Germany": 22.55204093049105, "Equatorial Guinea": 0.09481766668050304, "Ghana": 0.32452742794983874, "Italy": 27.560299381988003, "Burundi": 0.08300908168911339, "Costa Rica": 20.340799956935356, "Morocco": 3.8158672416308783, "Comoros": 3.9118888177398947, "Chile": 15.45857118751179, "Lithuania": 74.78505639866664, "Liechtenstein": 68.38685920197796, "Angola": 0.19256919467899447, "Hungary": 19.16956928697522, "Czech Republic": 103.25626366326257, "Sri Lanka": 2.292607177256079, "Latvia": 43.287576413289706, "Bahrain": 17.052273793188213, "Yemen": 0.002449378042660269, "Burkina Faso": 0.7100193416298556, "Guinea-Bissau": 0.022310714780268463, "Gabon": 0.47343338427345044, "Senegal": 1.1080473446188892, "Sweden": 63.11271434936868, "Honduras": 4.926504136394599, "Vietnam": 0.0065162523879732474, "Puerto Rico": 0.0, "Kenya": 0.35514585461191167, "Croatia": 22.326806567740803, "Zimbabwe": 4.770856661694155, "Greenland": 0.0, "Portugal": 60.40264992647586, "Sao Tome and Principe": 1.3949854921508817, "Mongolia": 0.7795831081881075, "Romania": 20.1762699551561, "Ukraine": 15.403477002293092, "Greece": 5.645593702764811, "Maldives": 6.242145188530274, "Guyana": 2.555041992115141, "Canada": 21.376545552518998, "Cayman Islands": 0.5132310976986717, "Egypt": 1.3013782737203965, "Zambia": 2.884971999295193, "Dominican Republic": 8.935423982209715, "Cameroon": 0.3152350853227096, "Kyrgyzstan": 1.7699780743966034, "Iceland": 3.5979884476893997, "Mauritius": 0.1354405321819684, "Malta": 28.733255631334426, "Serbia": 33.43013165222748, "Laos": 0.0, "Armenia": 8.322016341001165, "Lebanon": 48.53928811947475, "Mozambique": 0.6252286036186707, "North Macedonia": 15.37964372846173, "El Salvador": 4.540134713389663, "Tunisia": 16.478744441340208, "Trinidad and Tobago": 0.614451216720938, "Finland": 4.368281535123856, "Cote d'Ivoire": 0.3799666304861404, "Ecuador": 4.931109432854661, "Bhutan": 1.815920342126881, "Jamaica": 2.64076577749741, "Paraguay": 10.167817248268248, "Australia": 0.08223028863805684, "France": 18.670944503253168, "Lesotho": 8.617400588671977, "Cuba": 2.0394688653334296, "Guinea": 0.20358232861539122, "Nepal": 1.5275068327093393, "Qatar": 7.248617857053321, "Indonesia": 2.9512046273891923, "Russia": 17.201708253326544, "Grenada": 0.0, "Kuwait": 8.14273045175074, "Nigeria": 0.5948483095331963, "Spain": 29.579944546942826, "Norway": 11.368957062740188, "Cyprus": 50.17863474781064, "United States of America": 70.45499601738784, "Macao SAR": 0.0, "Monaco": 52.429348702831916, "Saint Vincent and the Grenadines": 3.6169962654513554, "Suriname": 13.465683638997799, "Kazakhstan": 4.370454339747732, "Nicaragua": 0.11349124068056855, "Jordan": 13.733198751473903, "Belarus": 18.97899667761172, "Ireland": 103.92566568453617, "Pakistan": 1.036572782562138, "Denmark": 33.34407810915974, "Madagascar": 0.02860394490034807, "Cabo Verde": 7.948991374305276, "Colombia": 27.364511874203412, "Georgia": 31.717173128995896, "Gibraltar": 0.4238958572657869, "Channel Islands": 0.5805211919261113, "Papua New Guinea": 0.030928122181318785, "Aruba": 0.5374913665449248, "Albania": 17.17274201841633, "Guatemala": 2.7334162380686644, "Uruguay": 19.552546292035807, "Vanuatu": 0.0, "Brunei": 0.5275313675096728, "Chad": 0.2203745557616247, "Saint Kitts and Nevis": 0.27044496309778476, "Venezuela": 0.8957431026415941, "Luxembourg": 27.723544410214437, "United Kingdom": 86.95927536979536, "Andorra": 55.37098560354375, "Saint Lucia": 2.344610911819183, "Bahamas, The": 3.4111240790881956, "Malaysia": 6.932755743490791, "Solomon Islands": 0.0, "South Korea": 1.5893859584577223, "Moldova": 19.3351139699343, "Syria": 0.5807971474323851, "Saint Martin": 2.631440450502605, "Antigua and Barbuda": 0.5883858516738106, "Cambodia": 0.0069320609674068875, "Central African Republic": 0.0180634233890324, "Brazil": 19.714329897550538, "Philippines": 1.074369030672509, "Mauritania": 2.7809455795780993, "Uzbekistan": 0.15017151671742934, "Curacao": 0.31738374233518263, "Niger": 0.243909905196571, "Ethiopia": 0.38314903410180634, "Azerbaijan": 6.255413626505714, "San Marino": 67.50485191123113, "Dem. Rep. Congo": 0.18089523484735387, "Afghanistan": 0.6545439518903361, "Tajikistan": 0.013793711005753726, "West Bank and Gaza": 22.514156873791013, "Switzerland": 38.319784490904816, "Kosovo": 14.570369950451187, "Malawi": 0.7990722234680779, "Belgium": 15.632855418105489, "Seychelles": 5.56063654655204, "Togo": 0.38178353785442104, "Somalia": 0.01110079816126379, "Iran": 7.551895370327178}