{"Cyprus": 28.223992181191353, "Andorra": 87.59356585443543, "Indonesia": 3.763555281348308, "Kyrgyzstan": 2.090786600380988, "United Arab Emirates": 30.492573270963263, "Malaysia": 8.553603184326272, "Mali": 0.2623427980728516, "Saint Kitts and Nevis": 0.27044496309778476, "Albania": 21.84757181882462, "Luxembourg": 22.284844093663644, "Guam": 0.0, "Japan": 5.099142351274537, "Dem. Rep. Congo": 0.25397756812508376, "Curacao": 0.31738374233518263, "Senegal": 1.5630129869109806, "Iraq": 1.9991388475920686, "Cayman Islands": 0.5132310976986717, "Timor-Leste": 0.022094972366370435, "Bolivia": 14.943226163488298, "Antigua and Barbuda": 1.9122540179398848, "Ghana": 0.8542914492630342, "Sao Tome and Principe": 5.3142304462890735, "Nicaragua": 0.12222133611753536, "Syria": 0.6059036523646206, "Republic of Korea": 14.633788429262488, "Niger": 0.23716867666098737, "Cote d'Ivoire": 0.7821535317609439, "Togo": 0.5390924955814742, "San Marino": 74.67724242679942, "United States of America": 75.75774387865447, "Peru": 8.211424887162995, "Namibia": 16.607766364233516, "Suriname": 14.596014747380828, "Poland": 23.38672229968385, "United Kingdom": 81.89280869422183, "Mauritania": 2.225387779344563, "Georgia": 36.69362063204416, "Ethiopia": 0.34542045323216736, "Philippines": 1.6272112424956278, "Chile": 20.67625354366337, "Tunisia": 23.329211366991498, "Dominican Republic": 13.321324364723548, "Chad": 0.3448951380822175, "Sweden": 60.1459723192135, "Laos": 0.0, "Nigeria": 0.6886819338859471, "Armenia": 11.28278013498475, "Guinea-Bissau": 0.17104881331539157, "Pakistan": 1.1314963051602618, "Bangladesh": 0.539549217423332, "Botswana": 8.322026972917259, "Romania": 20.70543761767154, "Sierra Leone": 0.27243220986129635, "Kazakhstan": 4.682188724150642, "Iran": 7.591867986190742, "Saint Vincent and the Grenadines": 17.439089136997605, "Kosovo": 17.994008791267586, "Netherlands": 40.690695083942586, "Grenada": 0.6377380197724296, "Trinidad and Tobago": 1.1367347509337355, "Dominica": 0.7957728545963839, "Hong Kong SAR": 0.03996057223539441, "Tanzania": 0.0, "Madagascar": 0.1265989413182072, "Bulgaria": 9.03536853234671, "Benin": 0.1343694598699979, "Bahrain": 19.05432737789127, "Papua New Guinea": 0.05534506074551782, "Estonia": 46.99481915501936, "Oman": 3.4515531443563, "Honduras": 9.143568224584799, "Vietnam": 0.0023695463228993623, "Solomon Islands": 0.0, "Russia": 16.192619473407742, "Ecuador": 5.773106441232712, "South Sudan": 0.1046041436335768, "Costa Rica": 20.476650575821246, "Puerto Rico": 0.0, "Samoa": 0.0, "Qatar": 7.162865244965704, "Liechtenstein": 28.557149996430354, "Nepal": 1.4920530945196162, "Rwanda": 1.2218763381950057, "Cuba": 3.641548548793744, "Saint Martin": 2.631440450502605, "Lebanon": 67.09940829119972, "Mauritius": 0.09029368812131226, "Greenland": 0.0, "Central African Republic": 0.030105705648387333, "Bhutan": 1.4789454332785936, "Fiji": 0.0, "Kuwait": 11.694563667985634, "Marshall Islands": 0.0, "Bahamas, The": 2.4207977335464617, "Eswatini": 20.60493398582291, "Burundi": 0.22053159015913706, "France": 27.192112626136698, "Congo": 0.09823820140615507, "Germany": 27.310004837647085, "Finland": 4.689174254528689, "Ivory Coast": 0.003888547388016057, "Faroe Islands": 0.5869474623326466, "Thailand": 0.27801768116125564, "Lesotho": 14.236859942907367, "Guatemala": 5.163979937327077, "Uzbekistan": 0.15697815770178875, "Yemen": 0.004408880476788483, "El Salvador": 4.97843148240534, "Israel": 89.78572927630178, "Portugal": 85.35885866604835, "Venezuela": 1.4728661754845003, "West Bank and Gaza": 17.23015987185713, "Saint Lucia": 9.456597344337371, "Argentina": 26.1514901832141, "Macao SAR": 0.0, "Austria": 22.373863542348584, "Burkina Faso": 0.6938505843452153, "Italy": 28.558447200605478, "Spain": 59.171723863496226, "Zimbabwe": 6.4476308594967, "Lithuania": 56.925632415326135, "Vanuatu": 0.0, "Uganda": 0.44951846633154124, "Singapore": 0.5109582639020785, "Comoros": 3.0556384756594888, "Gabon": 1.1704325333426968, "Algeria": 0.5883106789258534, "South Korea": 1.1578509563525665, "Denmark": 25.489891681709473, "Morocco": 3.198560038509315, "Gibraltar": 0.4238958572657869, "Malta": 38.45311065202323, "Angola": 0.25675892623865926, "Greece": 6.233481972639494, "Panama": 79.94261275657759, "India": 1.2358278702935697, "Afghanistan": 0.20128259220494557, "Seychelles": 34.973477226998355, "Brazil": 26.378100881911543, "Latvia": 52.39917807378202, "Serbia": 29.39638268779122, "China": 0.009045375590057445, "Ireland": 110.29453854263768, "Slovakia": 51.11252243441343, "Cabo Verde": 14.079586028998234, "Canada": 21.18614163192213, "Mongolia": 0.7618653102747414, "Slovenia": 82.96602087820825, "Australia": 0.06420721167629095, "Mexico": 11.085421965434854, "North Macedonia": 16.099600300681292, "Paraguay": 14.219532218758866, "Ukraine": 13.977002639090221, "Moldova": 17.09359533622215, "Monaco": 56.462375526126685, "New Zealand": 0.11621488131555247, "Montenegro": 72.90539359842423, "Turkey": 12.527754254717756, "Cameroon": 0.27106904885017585, "South Africa": 32.32043179261565, "Barbados": 13.139721527492627, "Haiti": 0.5631549125391883, "Libya": 8.16362423940021, "Colombia": 32.524907243922314, "Jordan": 11.66423883247418, "Maldives": 8.367703248417737, "Azerbaijan": 5.3575073643278595, "Belarus": 19.318527110343105, "Bosnia and Herzegovina": 14.99112822954083, "Djibouti": 0.5282527160993821, "Aruba": 0.5374913665449248, "Czech Republic": 106.91548784105947, "Jamaica": 2.582620475974531, "Sri Lanka": 2.626768269111066, "Tajikistan": 0.004597903668584574, "Guinea": 0.23042834997126696, "Brunei": 0.0659414209387091, "Saudi Arabia": 0.3860268357185178, "Egypt": 1.0695635981719518, "Liberia": 0.28644492280425066, "Kenya": 0.3214518332103225, "Norway": 11.644098645790528, "Somalia": 0.0, "Cambodia": 0.022529198144072386, "Equatorial Guinea": 0.3160588889350101, "Iceland": 4.07244846276932, "Belize": 12.040383960159138, "Belgium": 18.515112599911046, "Uruguay": 22.618722293509556, "Switzerland": 33.288448933210255, "Gambia, The": 0.008518954247252424, "Sudan": 0.8415287680079565, "Guyana": 5.347337883498115, "Hungary": 21.482785046852783, "Channel Islands": 0.5805211919261113, "Malawi": 1.6242178208305076, "Zambia": 6.156259905343804, "Mozambique": 1.9250831045956365, "Croatia": 21.353938010360878}