{"Austria": 18.41180844335828, "El Salvador": 5.7244214377502045, "Czech Republic": 68.74333953919724, "Estonia": 39.27362636534272, "Tajikistan": 0.0, "Croatia": 15.372728070945652, "Netherlands": 31.25197035027213, "South Sudan": 0.1536776924987116, "Haiti": 0.5136886026539893, "Switzerland": 24.055448383295275, "Pakistan": 0.9490373312155709, "West Bank and Gaza": 10.662514434946802, "Italy": 21.981522575677587, "Luxembourg": 18.920224406305945, "South Africa": 20.6121916804285, "Mexico": 14.685642192622781, "Guatemala": 4.8516632566790046, "Greenland": 0.0, "Equatorial Guinea": 0.895500185315862, "Barbados": 6.072144039220077, "Hong Kong SAR": 0.03996057223539441, "Suriname": 13.391966392798906, "Indonesia": 4.478195813760974, "Timor-Leste": 0.022094972366370435, "Liberia": 0.08680149175886384, "Bulgaria": 6.6946100934364, "Antigua and Barbuda": 1.6180610921029794, "Canada": 16.197634921833338, "Rwanda": 2.1462031606999314, "Angola": 0.27561185438905034, "Congo": 0.23364761415517962, "Yemen": 0.004408880476788483, "Kosovo": 17.755150267489697, "China": 0.01305191483446707, "Niger": 0.13176037592277076, "Puerto Rico": 0.0, "Bosnia and Herzegovina": 11.048599991344615, "Kazakhstan": 6.8797618102384845, "Marshall Islands": 0.0, "Poland": 16.62627743870962, "Curacao": 0.31738374233518263, "Lithuania": 48.70332585123941, "Somalia": 0.0, "United Kingdom": 59.24450780359949, "Kenya": 0.25107480463764836, "Thailand": 0.2923802181954164, "Bangladesh": 0.39638204930548127, "Montenegro": 63.743424450149824, "Cayman Islands": 0.5132310976986717, "Honduras": 10.06261555975868, "Lebanon": 61.59200988389433, "Burundi": 0.28495654908203105, "Comoros": 12.021083233913153, "Samoa": 0.0, "Dem. Rep. Congo": 0.17447584070809383, "Albania": 20.310984293422752, "Malawi": 4.828175354083511, "Algeria": 0.5879788624120769, "Greece": 4.476482562900646, "Afghanistan": 0.2621180025355448, "Moldova": 16.894707591744094, "Romania": 13.826996035183614, "Australia": 0.039988702008918055, "Saint Martin": 2.631440450502605, "Dominica": 0.7957728545963839, "Hungary": 12.367369720002781, "Macao SAR": 0.0, "Bhutan": 0.26209159577089003, "Portugal": 114.13083555348301, "Benin": 0.2808442764850406, "Jamaica": 3.2706732106619296, "Kuwait": 11.572320842187874, "Gambia, The": 0.008518954247252424, "Georgia": 24.244822171486692, "Venezuela": 1.9938800606899019, "Nepal": 1.083586082699989, "Ghana": 1.183045717808457, "New Zealand": 0.08716116098666435, "Burkina Faso": 0.6924446054508986, "Belarus": 18.969942532738884, "Russia": 15.648792062696453, "Chad": 0.26964528977337004, "Malaysia": 11.262318714417674, "Oman": 3.5319553806641006, "Saint Kitts and Nevis": 0.27044496309778476, "Cuba": 3.768857791932605, "Tunisia": 22.93098522259736, "Colombia": 34.04232002669217, "Morocco": 2.9126245954390484, "Tanzania": 0.0, "Sao Tome and Principe": 3.7863891929809643, "South Korea": 0.8213531122014268, "United Arab Emirates": 35.78838244801572, "Mozambique": 2.784125565248528, "Belgium": 18.043651455368835, "Egypt": 0.8855633676721735, "Sierra Leone": 0.24500614846586383, "Belize": 6.587444111941169, "Republic of Korea": 14.633788429262488, "Uganda": 0.27848846837338126, "Cote d'Ivoire": 0.8115953905559227, "Israel": 85.73827065426815, "Vietnam": 0.0017771597421745219, "Ecuador": 8.700361665672029, "Iceland": 0.9884583647498352, "Latvia": 42.27932540987457, "Sri Lanka": 3.4674127413658673, "Cameroon": 0.37430715910472356, "Trinidad and Tobago": 1.1879390189938135, "Bolivia": 18.572632169317682, "Bahamas, The": 2.9343002830866203, "Ukraine": 12.782587846254966, "Slovakia": 33.66291576955423, "Cambodia": 0.01733015241851722, "Germany": 18.462886454375585, "Uruguay": 21.85940010741108, "Armenia": 8.669773262969874, "Gabon": 2.4986761947765443, "Kyrgyzstan": 1.8275023618144932, "Cabo Verde": 15.820051460627166, "Guyana": 6.168601380963697, "Azerbaijan": 2.933160456447655, "Fiji": 0.03210442413411559, "Philippines": 1.783920339824074, "Laos": 0.0, "Ethiopia": 0.33038000545305457, "Aruba": 0.5374913665449248, "Guinea-Bissau": 0.23798095765619695, "Mali": 0.10900670280035388, "Andorra": 87.96394034007785, "Namibia": 11.396363815456791, "San Marino": 39.659100497848286, "Papua New Guinea": 0.001627795904279936, "Seychelles": 46.533747942198644, "Jordan": 8.691611525750037, "Iran": 7.436457212445332, "Brazil": 24.870600972389624, "Guam": 0.0, "Djibouti": 0.20543161181642633, "Ireland": 52.22591383640665, "Guinea": 0.22036109196281356, "Qatar": 8.262516388206917, "Grenada": 0.0, "Spain": 75.71915942413918, "France": 30.03647854555522, "Maldives": 12.269043991249157, "Paraguay": 11.532584102692766, "Dominican Republic": 16.28250551470104, "Zimbabwe": 4.594302775828965, "Zambia": 7.308809018452863, "Singapore": 0.4783971980651814, "Gibraltar": 0.4238958572657869, "Iraq": 1.8726708746849536, "Cyprus": 13.84977994702042, "Chile": 22.08808813671045, "Monaco": 52.79598750494962, "Syria": 0.5732651959527143, "Sudan": 0.1921968954689068, "Panama": 48.753454701355984, "Togo": 0.5762103395395429, "Liechtenstein": 21.417862497322766, "Bahrain": 19.141373185921832, "Japan": 4.534569799568044, "Malta": 33.053191196085, "Turkey": 7.95914701786136, "Saint Lucia": 14.302126562097019, "Nigeria": 0.7727056793290922, "Brunei": 0.03297071046935455, "Lesotho": 8.093096964712215, "Libya": 9.714986862740915, "Saudi Arabia": 0.5869608905957593, "Central African Republic": 0.0030105705648387333, "Faroe Islands": 0.5869474623326466, "United States of America": 56.02720443004925, "Mauritius": 0.1015803991364763, "Ivory Coast": 0.003888547388016057, "Costa Rica": 14.782245467520989, "Denmark": 14.591256623425101, "Mongolia": 0.4385154983558105, "Solomon Islands": 0.0, "Nicaragua": 0.11567376453981026, "Mauritania": 1.174247168675429, "Vanuatu": 0.0, "Finland": 5.253324357998476, "Argentina": 22.929959744793248, "Eswatini": 22.421552561867685, "Norway": 6.384353237769983, "Botswana": 14.405416287695076, "Slovenia": 61.0579556586781, "Serbia": 22.873681022198472, "Sweden": 33.83697066415756, "Peru": 12.085783169932629, "North Macedonia": 12.486103981065007, "Uzbekistan": 0.15697815770178875, "Channel Islands": 0.5805211919261113, "Madagascar": 0.16208902110197237, "India": 1.0238868301890807, "Saint Vincent and the Grenadines": 31.132003570492024, "Senegal": 1.6375256643576621}