{"Burundi": 0.4918597825459406, "Fiji": 0.016052212067057797, "Kosovo": 26.95916538373099, "Djibouti": 11.944380858469358, "Nepal": 1.489057003968372, "Macao SAR": 0.0, "Uruguay": 108.50466434286567, "Mexico": 3.749375567383079, "Malawi": 0.13266746128596685, "South Sudan": 0.11880964462085265, "Togo": 1.0021817868678553, "Mozambique": 0.2549841257797739, "Sierra Leone": 0.042053294139663196, "Benin": 0.1186324961014396, "Brunei": 0.16485355234677276, "Sao Tome and Principe": 1.0628460892578147, "Guam": 0.0, "Saint Lucia": 3.438762670668136, "Namibia": 6.700374705570074, "Honduras": 7.924034918580541, "Egypt": 0.8543985954529535, "Argentina": 49.97536581441344, "Gambia, The": 0.008518954247252424, "Netherlands": 43.34379104252495, "Belarus": 12.500756021096883, "Croatia": 54.05917991043991, "Cambodia": 1.9080497812787458, "Papua New Guinea": 2.2186858175335527, "Suriname": 5.184779649322145, "Peru": 22.721043861536735, "Puerto Rico": 0.0, "Pakistan": 2.3157645478316415, "Iraq": 19.515316508942753, "Equatorial Guinea": 2.1281298521624015, "Gabon": 8.607281944638148, "Mauritius": 0.3837481745155772, "El Salvador": 3.612627914311034, "New Zealand": 0.08716116098666435, "Bosnia and Herzegovina": 31.89509672393647, "Barbados": 2.4388119501785557, "West Bank and Gaza": 44.35142549920966, "Faroe Islands": 0.5869474623326466, "Burkina Faso": 0.1138842904396402, "Italy": 26.447481840082872, "Senegal": 0.33399211890806707, "Liechtenstein": 24.799630260057942, "Australia": 0.05350600973024247, "Jamaica": 8.174260305758038, "Angola": 0.38199623466625704, "Sri Lanka": 1.1223881379364569, "Hong Kong SAR": 0.03996057223539441, "Sweden": 59.747351082015676, "Chad": 0.05195822859420419, "Cameroon": 0.0, "Rwanda": 0.6776888209063041, "Belize": 1.610264116252286, "Poland": 55.1881649377588, "Mongolia": 22.514891698409947, "Serbia": 45.496409788577864, "Ethiopia": 1.6692347806378096, "Yemen": 0.3022532504642772, "Uzbekistan": 0.5989844066236275, "Seychelles": 54.289372599231754, "Congo": 0.005310173048981355, "Bahamas, The": 6.12535184094332, "Kuwait": 34.849392254511194, "Malaysia": 5.490313303729341, "Trinidad and Tobago": 4.168027420090364, "Hungary": 58.973841989495405, "Cote d'Ivoire": 0.2688652765428245, "Paraguay": 31.227406822114627, "Austria": 29.282516076859302, "Slovakia": 15.807321558454701, "South Africa": 2.0380188339385223, "Kazakhstan": 13.86214904900565, "Georgia": 22.64360410916329, "Vietnam": 0.013328698066308915, "Israel": 2.2911929509523756, "Dominica": 0.0, "Libya": 9.434645519120924, "Guinea": 0.8389381673711176, "Andorra": 43.14862757734346, "United Kingdom": 2.4273212491167, "Morocco": 1.5632443195800487, "Lebanon": 32.57345891146343, "Belgium": 33.01471972599027, "Bahrain": 68.64432421290569, "Comoros": 0.8562503420804062, "Guyana": 12.50145546142051, "San Marino": 33.330520631170366, "Malta": 10.572473882152726, "Tajikistan": 0.0, "Curacao": 0.31738374233518263, "Uganda": 0.0651850180897138, "Tunisia": 15.838650884093191, "Greenland": 0.0, "Portugal": 5.229118653960589, "Greece": 27.108181333110373, "Germany": 24.931882094540597, "Bolivia": 8.807358574145972, "Dem. Rep. Congo": 0.04855695566876196, "Marshall Islands": 0.0, "Tanzania": 0.0, "Denmark": 11.52962158902983, "Central African Republic": 0.8459703287196841, "Switzerland": 25.361596422113998, "France": 53.41366420307697, "Luxembourg": 32.079113731519946, "Timor-Leste": 3.8887151364811974, "Cabo Verde": 35.58862151241251, "Vanuatu": 0.0, "Botswana": 15.006933885588497, "Finland": 6.288462162530196, "Thailand": 1.4660046729868423, "Algeria": 0.34873915597917204, "Latvia": 28.992817742648487, "Niger": 0.034931820593478755, "Japan": 2.9009299049608184, "Solomon Islands": 0.0, "Russia": 6.129635482411252, "Laos": 0.007970320916005072, "Antigua and Barbuda": 4.559990350472033, "Eswatini": 13.014952263992006, "Lithuania": 38.0256047957577, "Monaco": 8.799331250824936, "Montenegro": 35.43087317239956, "Chile": 38.60496993214435, "Albania": 8.29356850029608, "Syria": 0.7465000799851403, "India": 12.943552546961417, "Iran": 28.210673645710802, "Ecuador": 11.664618711768586, "Saint Kitts and Nevis": 0.0, "Brazil": 32.9809518393959, "United States of America": 21.690693406055363, "Zimbabwe": 0.3784691034016217, "Bhutan": 0.6365081611578758, "Moldova": 28.04317197140596, "Mali": 1.0689923987954701, "Estonia": 41.491988589433916, "Armenia": 29.72838687107497, "Czech Republic": 35.8317444003661, "Mauritania": 0.2493696944230078, "Saudi Arabia": 2.6475771421687977, "Channel Islands": 0.5805211919261113, "China": 0.0015842183236823776, "Bulgaria": 33.163816412697784, "Republic of Korea": 14.633788429262488, "Guinea-Bissau": 0.3123500069237585, "Canada": 23.303007575484116, "Colombia": 32.017778640441904, "Saint Martin": 2.631440450502605, "Cayman Islands": 0.5132310976986717, "Spain": 18.4352330413464, "Indonesia": 1.9703026940687502, "Cyprus": 47.33001391533398, "Ghana": 0.21134202977920033, "Costa Rica": 21.93987495007136, "Kenya": 1.708612956235425, "Saint Vincent and the Grenadines": 5.683851274280701, "Panama": 7.256500261580519, "Haiti": 0.06849181368719857, "Slovenia": 45.12979331293598, "Ukraine": 33.27624807374061, "Norway": 11.451766665405826, "United Arab Emirates": 19.466704412831692, "Aruba": 0.5374913665449248, "Azerbaijan": 21.754986009337713, "Bangladesh": 3.6615397525367066, "Ireland": 7.984941822095497, "Sudan": 0.4150919061863196, "Dominican Republic": 4.835531662249861, "Nicaragua": 0.11349124068056855, "Philippines": 10.22625959412965, "Oman": 25.088369236473376, "South Korea": 1.255927093194647, "Madagascar": 2.004394953757724, "Samoa": 0.0, "Liberia": 0.0, "Iceland": 0.9093816955698483, "Afghanistan": 0.22832055235187856, "Ivory Coast": 0.003888547388016057, "North Macedonia": 43.60194135946863, "Jordan": 34.18662821729278, "Grenada": 0.0, "Romania": 20.48402855385755, "Venezuela": 4.070420978167199, "Cuba": 8.74904412501813, "Singapore": 0.400751579531042, "Gibraltar": 0.4238958572657869, "Nigeria": 0.03568521168566737, "Somalia": 0.5707660387916467, "Kyrgyzstan": 3.3364086702375975, "Lesotho": 0.013443682665634909, "Qatar": 34.48768287312008, "Maldives": 17.08518187377898, "Zambia": 0.7558354697349481, "Guatemala": 7.653049240673833, "Turkey": 68.30753598193435}