{"Costa Rica": 19.361543412466222, "Nepal": 5.03742691349193, "Luxembourg": 82.98627050804836, "Croatia": 84.9978048994644, "Ghana": 0.20758483813868125, "Denmark": 24.053599384098224, "Solomon Islands": 0.0, "Brazil": 19.404653094260937, "Kyrgyzstan": 5.340908839491751, "Mauritius": 0.11286711015164033, "Russia": 18.700993720411233, "Morocco": 11.11779673439241, "Belgium": 22.564205015438485, "Timor-Leste": 0.011047486183185217, "Peru": 6.603150948755729, "Vanuatu": 0.0, "Macao SAR": 0.0, "Haiti": 0.0963958859301313, "Lesotho": 0.24198628798142838, "Cabo Verde": 9.611525517950824, "Romania": 32.4925181449156, "Armenia": 37.78958552059961, "Guinea-Bissau": 0.1487380985351231, "Ukraine": 31.838186824916058, "Saudi Arabia": 0.7516267654432911, "Serbia": 105.61181697146908, "Norway": 7.105598164212618, "Seychelles": 2.4876531918785436, "Somalia": 0.07585545410196924, "Zimbabwe": 0.7871767176420329, "Bangladesh": 1.3602633323314757, "Cote d'Ivoire": 0.10610179301586668, "Bolivia": 1.0410501329541377, "Saint Vincent and the Grenadines": 0.38753531415550235, "Estonia": 27.33108410069642, "Hungary": 59.792679426620204, "Ireland": 5.1401978854763914, "Fiji": 0.06420884826823119, "Comoros": 0.08394611196866728, "Papua New Guinea": 0.042322693511278334, "Paraguay": 12.272762262967577, "Cambodia": 0.024262213385924106, "Mozambique": 0.2140549395383711, "Bhutan": 0.5429040198111293, "Belize": 64.1909831796934, "Lithuania": 68.81311927450139, "China": 0.0075224818466466436, "Central African Republic": 0.015052852824193667, "Malaysia": 3.7429279799265665, "Niger": 0.12440630842940681, "Qatar": 7.127555345870802, "South Sudan": 0.08135877838167084, "Tanzania": 0.0, "Cayman Islands": 0.5132310976986717, "Guyana": 4.635576185694612, "Sweden": 50.936016138521076, "Canada": 16.617587680834415, "Finland": 8.52435982031871, "Sierra Leone": 0.012798828651201842, "Kosovo": 25.096068898263464, "Cameroon": 0.2589233888202291, "Turkey": 39.524334374550335, "Gibraltar": 0.4238958572657869, "Monaco": 10.999164063531172, "France": 16.6000876201894, "United Kingdom": 22.031210678734357, "Senegal": 0.22879775074804595, "Saint Martin": 2.631440450502605, "Chad": 0.0429999133193414, "Iceland": 4.981830158339169, "Moldova": 51.31841341978392, "Congo": 0.37967737300216686, "Montenegro": 84.11101000032376, "San Marino": 85.2248755379293, "Puerto Rico": 0.0, "Namibia": 2.5656135624746947, "United States of America": 55.237711273422725, "Nigeria": 0.09518425985479802, "Afghanistan": 0.4588942680493349, "Channel Islands": 0.5805211919261113, "Israel": 12.647321970994003, "Trinidad and Tobago": 1.6385365779225016, "Sao Tome and Principe": 0.7971345669433609, "Brunei": 0.03297071046935455, "Saint Lucia": 1.8756887294553466, "Sudan": 0.5762570112409758, "Malta": 23.162812403103423, "Belarus": 17.580131294758413, "Mexico": 7.836254284426959, "Suriname": 0.3685862309944653, "Republic of Korea": 14.633788429262488, "Djibouti": 0.19075792525811017, "Indonesia": 2.22378945996073, "Greece": 17.244722582990697, "Liechtenstein": 50.35076446739036, "Slovenia": 72.68250369365055, "Faroe Islands": 0.5869474623326466, "Curacao": 0.31738374233518263, "Andorra": 68.70446708667134, "Philippines": 1.4957394449898909, "Italy": 37.940989311426605, "Bahamas, The": 2.457476487085044, "Greenland": 0.0, "Georgia": 112.15822154053765, "Tajikistan": 0.40614815739163745, "Guinea": 0.24385136064920485, "Venezuela": 1.1812987897253238, "Panama": 37.19082540184174, "Mali": 0.2826907159289177, "Dem. Rep. Congo": 0.10962349991659479, "Austria": 45.31258546802194, "Thailand": 0.018876477244897057, "Pakistan": 1.3934430099810744, "Guam": 0.0, "Tunisia": 8.70966996788404, "Madagascar": 0.09322767226780113, "Colombia": 18.19675052253331, "Nicaragua": 0.12003881225829366, "Portugal": 38.58752922112604, "Antigua and Barbuda": 0.441289388755358, "Australia": 0.04336802893924916, "Kuwait": 6.923697827823085, "Equatorial Guinea": 0.1369588518718377, "Eswatini": 1.8290611690313816, "Bahrain": 9.444470171316595, "Chile": 7.558930752309744, "Bulgaria": 40.01406748719909, "Gabon": 0.44055606592112745, "Grenada": 0.0, "Dominican Republic": 6.791028648084054, "Cuba": 0.5785637881261089, "Latvia": 31.240844053966676, "Sri Lanka": 2.6470800217532324, "Bosnia and Herzegovina": 32.97269225775739, "Slovakia": 26.53848915165916, "Liberia": 0.20832358022127323, "Guatemala": 2.963136771768486, "Mauritania": 2.294832504373755, "North Macedonia": 46.900028133160156, "Jamaica": 1.8461133233514, "Hong Kong SAR": 0.03996057223539441, "Algeria": 2.3044656881782584, "Mongolia": 0.4119388014857614, "Czech Republic": 36.157098031981405, "Argentina": 15.788169451763547, "Togo": 0.24038222753796878, "Zambia": 0.14156918322019663, "Burkina Faso": 0.20035199244010776, "Barbados": 0.7465750867893538, "Dominica": 1.5915457091927678, "Azerbaijan": 39.74446670966925, "Kazakhstan": 5.086517480158377, "Angola": 0.20289341723754192, "Germany": 21.68148888073475, "South Africa": 5.565884569823723, "Uruguay": 5.546353359328013, "Ethiopia": 0.5050021533969916, "Uganda": 0.8106176506998074, "Oman": 5.1514861405783705, "Uzbekistan": 0.4364758531220468, "Marshall Islands": 0.0, "Aruba": 0.5374913665449248, "West Bank and Gaza": 43.64709583536273, "Botswana": 7.912746957855754, "Libya": 9.514743045869492, "Malawi": 0.01763787057559097, "Switzerland": 44.66393210802431, "South Korea": 0.9572783497403107, "Poland": 34.14572066850126, "Vietnam": 0.004442899355436305, "Ecuador": 6.6126366615002805, "Japan": 1.797920324482542, "Saint Kitts and Nevis": 0.0, "Gambia, The": 0.008518954247252424, "India": 2.7731008870617218, "Iraq": 5.208808780682989, "New Zealand": 0.06391818472355386, "Honduras": 4.580578823633775, "Yemen": 0.05584581937265413, "Egypt": 0.39816909894692937, "Cyprus": 22.121507385258084, "Laos": 0.0, "Benin": 0.09926392530936783, "Ivory Coast": 0.003888547388016057, "Netherlands": 29.840117794493445, "Albania": 25.025855462571155, "Syria": 0.5339316715588784, "El Salvador": 2.837860898374231, "Lebanon": 22.31715359146452, "Burundi": 0.018584122766219416, "Maldives": 5.865464013360342, "Singapore": 0.11271138174310558, "Rwanda": 0.18441281770906104, "Spain": 18.27136700058449, "Jordan": 40.46846004244436, "United Arab Emirates": 12.873992215335965, "Iran": 16.851731205895152, "Kenya": 1.7265468708524}