{"Morocco": 1.8233280650576615, "Denmark": 7.957304848817222, "Georgia": 16.5344004229366, "Germany": 13.012742591353314, "Tajikistan": 0.0, "Tanzania": 0.0, "Malaysia": 14.926998886855632, "Puerto Rico": 0.0, "Congo": 0.47260540135934065, "Greece": 8.398403855352612, "Kenya": 0.2546072423652343, "Bangladesh": 0.27730972282313177, "Curacao": 0.31738374233518263, "Sri Lanka": 3.6502185151453603, "Jamaica": 4.002334921491487, "Pakistan": 0.7346513350766535, "El Salvador": 4.174887405876599, "Solomon Islands": 0.0, "Belgium": 20.759217889499833, "South Sudan": 0.43907912142489025, "Guinea-Bissau": 0.9742345454050564, "Mozambique": 3.1684835555844604, "Burkina Faso": 0.48365673964489164, "New Zealand": 0.029053720328888116, "Dominican Republic": 13.943890752050354, "Niger": 0.06618660744027555, "Zimbabwe": 1.6123954327909298, "Syria": 0.34646976806485213, "Mauritius": 0.1693006652274605, "Saudi Arabia": 0.8316668868881675, "Angola": 0.14947678747810056, "Equatorial Guinea": 0.44248244450901414, "Mongolia": 0.9656199862784514, "Nepal": 0.5128308326879671, "Libya": 11.215761574450944, "Egypt": 0.5860115616381184, "United Arab Emirates": 34.933040546145016, "Singapore": 0.4984347770417335, "Latvia": 41.38310229572779, "Seychelles": 20.77922077922078, "North Macedonia": 14.124862274021918, "Mali": 0.05741019680818636, "Timor-Leste": 0.1325698341982226, "Uruguay": 16.41621552336818, "Oman": 3.78464812334576, "Iraq": 2.575512999979093, "Japan": 2.2081688360031317, "Cayman Islands": 0.5132310976986717, "Iran": 8.098762106322672, "Cyprus": 10.154916105732699, "Tunisia": 12.384100159103559, "Moldova": 23.64614021510731, "Maldives": 24.672616973630433, "Dominica": 0.7957728545963839, "Poland": 14.577714788144496, "Vanuatu": 0.0, "Saint Martin": 2.631440450502605, "Aruba": 0.5374913665449248, "Kosovo": 19.514741392653477, "Kuwait": 16.31262597590098, "Montenegro": 77.63563330906214, "Netherlands": 23.066852001504987, "Yemen": 0.0009797512170641074, "Argentina": 18.186674203873807, "Ukraine": 9.211574069238756, "Saint Vincent and the Grenadines": 31.132003570492024, "Greenland": 0.0, "Switzerland": 18.547635352256133, "Ivory Coast": 0.003888547388016057, "Croatia": 11.723592940556678, "Luxembourg": 25.718599801994436, "Malta": 28.335366829317934, "Algeria": 0.5952788257151613, "Slovenia": 56.35750568809183, "Botswana": 13.88451445034407, "Hungary": 13.275401949385815, "Bahrain": 34.80091405062096, "Saint Lucia": 41.57776683626018, "Azerbaijan": 1.4409257635901744, "Andorra": 66.85259465845918, "Armenia": 4.5353298573419005, "Sweden": 28.646561035557415, "India": 0.8714757961202544, "Brazil": 23.342794387242165, "Sudan": 0.18151929016507865, "Eswatini": 10.140713284085551, "Togo": 0.6557485765925473, "Kazakhstan": 7.211558308489106, "Ecuador": 6.200683047049691, "Qatar": 13.210946532792379, "South Korea": 0.7724531791843892, "Cameroon": 0.39086942278192366, "Belize": 6.258071906344111, "United Kingdom": 33.42931790039234, "Liechtenstein": 14.278574998215179, "Saint Kitts and Nevis": 0.5408899261955695, "Czech Republic": 66.37481865719113, "Sao Tome and Principe": 4.384240118188486, "Cuba": 7.886870636830203, "Antigua and Barbuda": 7.943208997596444, "Papua New Guinea": 0.026044734468478974, "Brunei": 0.0, "Barbados": 8.361640972040762, "Ireland": 21.734537515754504, "Cambodia": 0.006065553346481027, "Turkey": 9.029339110749651, "Italy": 20.090656746010822, "West Bank and Gaza": 10.814966743138777, "Guinea": 0.21924250773965206, "Serbia": 25.06025682495, "Australia": 0.02421850966737291, "Bhutan": 0.037441656538698576, "Panama": 26.496150236536003, "Marshall Islands": 0.0, "Guatemala": 3.709943600425584, "Austria": 15.931903119416743, "Mexico": 7.482514254639808, "Namibia": 6.253683058532069, "South Africa": 7.6770905775929315, "Chad": 0.12541641384807908, "Faroe Islands": 0.5869474623326466, "Slovakia": 36.77723314039146, "Finland": 6.412678699074002, "Channel Islands": 0.5805211919261113, "Laos": 0.001992580229001268, "Fiji": 0.016052212067057797, "Russia": 12.443317359277197, "Romania": 12.700761930583123, "Spain": 64.15658951459987, "Dem. Rep. Congo": 0.15027966279857516, "Liberia": 0.026040447527659154, "Trinidad and Tobago": 0.9011951178573758, "Gibraltar": 0.4238958572657869, "Paraguay": 10.553115468685274, "Peru": 20.052012194354845, "Senegal": 1.8119729915563638, "Vietnam": 0.045317573425450314, "Kyrgyzstan": 1.3916452609943295, "Afghanistan": 0.13143452849203535, "Costa Rica": 9.673696153166139, "Indonesia": 4.581026346863343, "Israel": 74.25074676795045, "Portugal": 90.9065376210882, "Bulgaria": 9.98150186460967, "United States of America": 40.59831462944037, "Bolivia": 17.266046007219106, "Ghana": 2.546436634361832, "Honduras": 10.77791874885733, "Venezuela": 1.7313692185287188, "Nicaragua": 0.10257862138436004, "Albania": 33.069165408241524, "Grenada": 0.0, "Djibouti": 0.11738949246652933, "Chile": 20.08905698841314, "Bosnia and Herzegovina": 7.443631799887479, "Lithuania": 25.24104583638594, "Bahamas, The": 3.1910515578566994, "Cote d'Ivoire": 0.7860420791489601, "Norway": 5.238375187977798, "Thailand": 1.1982459468499873, "Philippines": 1.660772887286037, "Malawi": 2.861169352936083, "Cabo Verde": 13.24831895717546, "Lesotho": 4.765785504967575, "Guam": 0.0, "Iceland": 0.593075018849901, "Gambia, The": 0.008518954247252424, "Rwanda": 1.6778172310585124, "France": 31.329352778999716, "Belarus": 16.039417642230656, "San Marino": 61.1762720445532, "Jordan": 10.866635692135256, "Colombia": 19.880746679809594, "Monaco": 63.42851276636309, "Ethiopia": 0.5868323862291139, "Mauritania": 0.6344722604939819, "China": 0.0054272253540344675, "Haiti": 0.5174937034143892, "Estonia": 40.00590127426603, "Comoros": 6.665321290312181, "Suriname": 7.519159112287093, "Madagascar": 0.17162366940208842, "Hong Kong SAR": 0.03996057223539441, "Uganda": 0.10326339499360603, "Central African Republic": 0.024084564518709866, "Nigeria": 0.646243544690044, "Guyana": 5.694093582428027, "Canada": 10.940814503278698, "Sierra Leone": 0.8191250336769179, "Republic of Korea": 14.633788429262488, "Samoa": 0.0, "Benin": 0.4103715936570206, "Burundi": 0.12637203481029205, "Somalia": 0.029602128430036775, "Gabon": 3.9124008839264306, "Uzbekistan": 0.15314942214808658, "Macao SAR": 0.0, "Lebanon": 41.44197484846371, "Zambia": 7.031269433269766}