{"Mali": 0.1264477752484105, "Guam": 0.0, "Guatemala": 4.787135016875684, "Nigeria": 0.7668766208465728, "Kosovo": 15.000315293251383, "Jordan": 9.23890304225919, "Suriname": 13.342821561999644, "Dominica": 0.7957728545963839, "Germany": 19.356293502674642, "Kuwait": 11.528177599538683, "Antigua and Barbuda": 2.20644694377679, "Romania": 14.776840918945625, "Spain": 72.21879872008606, "Cambodia": 0.03639332007888616, "El Salvador": 4.365258729792499, "Bhutan": 0.3182540805789379, "Ethiopia": 0.3335665409994768, "United States of America": 60.11037250989424, "Kenya": 0.2459120110357919, "Algeria": 0.5893061284671831, "Bahamas, The": 2.347440226469296, "Cameroon": 0.37430715910472356, "Libya": 9.569546616802725, "Grenada": 0.8928332276814014, "Montenegro": 63.37602719107114, "Botswana": 11.726492552747047, "Indonesia": 4.42419394755783, "Tanzania": 0.0, "Croatia": 16.408815523750988, "Saint Lucia": 16.6467374739162, "Djibouti": 0.32282110428295563, "Eswatini": 21.898963656430148, "Marshall Islands": 0.0, "Guinea-Bissau": 0.23798095765619695, "Bosnia and Herzegovina": 9.395421300904488, "Trinidad and Tobago": 1.321070115950017, "New Zealand": 0.11330950928266365, "Bolivia": 18.858021359519654, "Gibraltar": 0.4238958572657869, "Estonia": 38.77826392695342, "Gabon": 1.9792145648098414, "Colombia": 36.23032312284993, "Andorra": 91.66768519650219, "Iraq": 1.9024707993354808, "Mauritius": 0.1015803991364763, "Australia": 0.050126682799911365, "Senegal": 1.5919414381549866, "Guyana": 5.821845682033785, "Latvia": 44.056834586265694, "Madagascar": 0.16208902110197237, "Mauritania": 1.3573287164796626, "Saint Martin": 2.631440450502605, "Albania": 19.715368933413554, "Italy": 23.33315640079335, "Timor-Leste": 0.022094972366370435, "South Sudan": 0.13430655478878994, "Cote d'Ivoire": 0.6832733267513927, "China": 0.013021252544331284, "Nicaragua": 0.11567376453981026, "Belgium": 17.824714353945534, "Cuba": 3.907511423073938, "Barbados": 7.5155225403461605, "Tajikistan": 0.0, "Netherlands": 32.08605954259439, "Slovenia": 64.03422310730258, "Iceland": 1.5815333835997363, "Vanuatu": 0.0, "Samoa": 0.0, "United Kingdom": 64.85154293981199, "Ukraine": 14.496159486528452, "Jamaica": 3.1446917240290255, "Israel": 88.59595001664745, "Hong Kong SAR": 0.03996057223539441, "Liberia": 0.06944119340709107, "Bahrain": 18.392779236858956, "South Africa": 23.13617334860278, "France": 29.396538819526665, "Namibia": 12.026313574100131, "Paraguay": 12.086196808870913, "Guinea": 0.17449913881319246, "Mozambique": 2.6985035894331797, "Somalia": 0.016651197241895687, "Comoros": 13.179539579080762, "Slovakia": 37.447767410310995, "Norway": 7.049501336600414, "Sierra Leone": 0.2614617853031233, "Kazakhstan": 5.937614079159391, "Cabo Verde": 16.573387244466556, "Lesotho": 5.437969638249321, "Philippines": 1.7946230690682594, "Switzerland": 24.928435082709825, "Angola": 0.3088289182730727, "Uganda": 0.17554777148913023, "Peru": 14.776785792557245, "Congo": 1.4629526749943635, "Russia": 16.223095973134647, "Liechtenstein": 13.527071050940696, "Costa Rica": 16.03037302853511, "Gambia, The": 0.008518954247252424, "Cyprus": 16.221644154814797, "Venezuela": 1.9628196175334263, "Ghana": 0.6889750170801932, "Belarus": 19.41208660736242, "West Bank and Gaza": 11.933966685267883, "Dem. Rep. Congo": 0.21611960268842187, "Pakistan": 1.0266780442788035, "Bangladesh": 0.42880056350597373, "Malta": 33.56476251296336, "Burkina Faso": 0.7170492361014383, "Sweden": 37.12177632956815, "Vietnam": 0.0034062228391678337, "Azerbaijan": 3.2709442407907527, "Fiji": 0.03210442413411559, "Puerto Rico": 0.0, "Haiti": 0.5022733003727895, "Morocco": 3.0238652335650156, "Afghanistan": 0.2805188365244297, "Central African Republic": 0.0030105705648387333, "Luxembourg": 19.634629956361348, "Serbia": 23.449637019160306, "Zimbabwe": 5.308321805957798, "Laos": 0.0, "Belize": 8.453886610324501, "Equatorial Guinea": 0.5162295185938498, "Lithuania": 47.252632112064504, "Nepal": 1.1010632775822469, "Denmark": 16.115936139350897, "Brazil": 26.302560048584503, "Saint Vincent and the Grenadines": 41.33710017658692, "Saudi Arabia": 0.5527770887286768, "Mongolia": 0.4650921952258596, "Syria": 0.5958610503917264, "Ecuador": 8.393657677268697, "Papua New Guinea": 0.003255591808559872, "Sudan": 0.1921968954689068, "Canada": 17.151934811291888, "Niger": 0.1605638069384462, "Egypt": 0.9433391554393119, "Maldives": 11.704022228494262, "Seychelles": 22.09621364550942, "North Macedonia": 13.404905701802354, "Solomon Islands": 0.0, "Austria": 20.462035168018577, "Portugal": 105.34190986693791, "Hungary": 13.4654892115755, "Georgia": 26.187787014497818, "Malawi": 4.256094856283908, "Ivory Coast": 0.003888547388016057, "Burundi": 0.3221247946144699, "Saint Kitts and Nevis": 0.27044496309778476, "Finland": 4.815978635583824, "Kyrgyzstan": 1.9027264299763489, "India": 1.0447756521172953, "Oman": 3.557798956620179, "Singapore": 0.5335005402506997, "Rwanda": 1.994599985405366, "Mexico": 13.940985276483323, "Uzbekistan": 0.19101136262358573, "Uruguay": 24.265295947060057, "Republic of Korea": 14.633788429262488, "Tunisia": 24.810954658862933, "Thailand": 0.3709638136823248, "Monaco": 49.86287708800798, "Macao SAR": 0.0, "Sri Lanka": 3.267571304080042, "Turkey": 8.825060844059134, "Dominican Republic": 15.673241827958144, "Argentina": 23.99617378569156, "Greenland": 0.0, "Czech Republic": 73.2313451901212, "San Marino": 38.815289848957896, "Panama": 52.773629857864435, "Cayman Islands": 0.5132310976986717, "Lebanon": 68.87894602855832, "Greece": 4.633786000191377, "Poland": 18.024717727442507, "South Korea": 0.914732645307408, "Chad": 0.27591611046577397, "Togo": 0.6203982490134342, "Japan": 4.875010442470817, "Zambia": 7.938271996951704, "Faroe Islands": 0.5869474623326466, "Yemen": 0.0029392536511923225, "Benin": 0.17431713712864594, "Curacao": 0.31738374233518263, "Moldova": 17.620379091866734, "Chile": 21.5619479626865, "Brunei": 0.0, "Sao Tome and Principe": 4.317812237609872, "Armenia": 10.423047744562108, "Malaysia": 11.146064829006026, "Honduras": 8.75806671078778, "Qatar": 7.6773809174914085, "Bulgaria": 6.747855692221762, "United Arab Emirates": 35.355594066898234, "Channel Islands": 0.5805211919261113, "Ireland": 59.23080668033763, "Iran": 7.508132247786896, "Aruba": 0.5374913665449248}