{"Namibia": 5.766903699580396, "Jamaica": 6.376601400342369, "Mozambique": 0.25027962161409545, "Ethiopia": 1.4844157189453215, "Saint Vincent and the Grenadines": 1.1626059424665072, "Uganda": 0.08680579141650006, "Mauritania": 0.385102566070974, "Singapore": 0.4232938558796631, "Mali": 0.5443068026497669, "Zambia": 0.5334838712309105, "Guinea-Bissau": 0.11155357390134232, "Niger": 0.018998007691190203, "Finland": 4.764221745357239, "Brunei": 0.0659414209387091, "Ghana": 0.18504168829556653, "El Salvador": 2.406204989495156, "Bahrain": 63.604371927935816, "Moldova": 21.539005192528982, "Tanzania": 0.0, "Albania": 5.080248658901945, "Greece": 25.245868605185358, "Cayman Islands": 0.5132310976986717, "Australia": 0.08673605787849832, "Nicaragua": 0.12658638383601875, "Gambia, The": 0.008518954247252424, "Kosovo": 28.623213099383612, "Montenegro": 27.187397171821825, "Algeria": 0.41742517433092136, "Indonesia": 2.0350732608637228, "Luxembourg": 29.24453687162271, "Sierra Leone": 0.05119531460480737, "Macao SAR": 0.0, "Solomon Islands": 0.021327595925661386, "Mauritius": 0.04514684406065613, "Grenada": 0.5101904158179437, "Guyana": 13.158466259392975, "Jordan": 26.538688885816008, "Sri Lanka": 1.83395469823943, "Denmark": 13.380842772617669, "Kenya": 1.4425932227502978, "Cambodia": 2.597789847535731, "Eswatini": 0.18663889479912055, "Angola": 0.5005003544687151, "Andorra": 56.11173457482862, "Honduras": 8.75220356989353, "Gibraltar": 0.4238958572657869, "Papua New Guinea": 1.899637820294685, "South Sudan": 0.11364400789820689, "Burkina Faso": 0.10544841707374092, "India": 20.746531204269296, "United Kingdom": 3.8254463187250423, "Congo": 0.0, "Channel Islands": 0.5805211919261113, "Cameroon": 1.7103297623988694, "Dominican Republic": 4.432459834557506, "Nepal": 5.067887167429579, "Central African Republic": 1.514316994113883, "Mexico": 3.0264424770678393, "Vanuatu": 0.09527557029574489, "Lebanon": 25.10523496451583, "Georgia": 31.075917933772853, "Guam": 0.0, "Antigua and Barbuda": 1.1767717033476213, "Czech Republic": 26.166197624107117, "Ukraine": 28.999077989669548, "Ivory Coast": 0.003888547388016057, "Netherlands": 48.20161880887612, "Gabon": 4.3792588045294165, "Portugal": 4.946726771344468, "Hong Kong SAR": 0.03996057223539441, "Dominica": 1.392602495543672, "Qatar": 30.659080956972918, "Costa Rica": 22.078555790184044, "Bhutan": 1.0858080396222587, "Kyrgyzstan": 4.177148255575984, "Barbados": 2.63789863998905, "Germany": 25.069699454174348, "Bahamas, The": 13.461102548659868, "Sudan": 0.2532594508001741, "Maldives": 30.91476216216071, "France": 47.48676571520532, "Haiti": 0.10907955513146439, "Sweden": 55.163901316326495, "Yemen": 0.20721738240905874, "Afghanistan": 0.30267494275594425, "Belarus": 12.876503033319615, "Saint Martin": 2.631440450502605, "Saint Kitts and Nevis": 0.0, "Canada": 22.77550130444928, "Zimbabwe": 0.5862369359391099, "Laos": 0.08169578938905199, "Republic of Korea": 14.633788429262488, "Iceland": 3.9538334589993407, "Paraguay": 33.210678714577, "Nigeria": 0.03611172815999805, "Austria": 25.465296460772787, "Belize": 2.5251869095774486, "United Arab Emirates": 19.693333463754698, "Fiji": 0.2889398172070404, "Uruguay": 81.816965552111, "Armenia": 26.125238762899187, "Bangladesh": 2.5770090261213117, "Liberia": 0.14177576987281093, "Panama": 7.323783527798232, "Djibouti": 6.485769458775745, "Mongolia": 36.131019394831775, "Uzbekistan": 0.940592701026165, "Morocco": 1.4598375292094317, "Argentina": 53.821556536187074, "Rwanda": 0.59396766440035, "Suriname": 10.148407560047612, "San Marino": 15.610497004472197, "Malawi": 0.07515266593077892, "Syria": 0.9155505465288606, "Tajikistan": 0.0, "Japan": 3.602176533312892, "Latvia": 29.03762889835583, "Liechtenstein": 27.05414210188139, "Togo": 0.8625479929303587, "Bosnia and Herzegovina": 30.804518111394813, "Tunisia": 18.65555115701613, "Greenland": 0.0, "Hungary": 37.23517024354112, "Russia": 6.211071064473733, "Bolivia": 10.46261587731739, "China": 0.0020237111489620047, "Libya": 7.843234132405932, "Cote d'Ivoire": 0.15276436167205937, "Madagascar": 2.0732563025918953, "North Macedonia": 30.56729903766491, "Cyprus": 69.85676443157202, "South Korea": 1.2957100895474913, "Malaysia": 7.491668654123715, "Aruba": 0.5374913665449248, "Ecuador": 8.58277809907236, "Guatemala": 8.32500331115908, "Brazil": 29.739126453614702, "Poland": 34.827446200700344, "Saint Lucia": 8.284291888427783, "Romania": 15.380549632945101, "Samoa": 0.0, "Equatorial Guinea": 2.591682889267083, "Thailand": 2.191312793211963, "Philippines": 8.924226335213536, "Senegal": 0.33399211890806707, "Serbia": 38.874972809220225, "Slovakia": 12.258204621966527, "New Zealand": 0.026148348295999307, "Spain": 18.454654201733003, "Turkey": 71.35578552394992, "Guinea": 0.502244316199509, "South Africa": 2.156826012790337, "Somalia": 0.6059185663023152, "Burundi": 0.381593987466372, "Timor-Leste": 5.744692815256313, "Ireland": 8.540013809728492, "Trinidad and Tobago": 7.291487771755132, "Norway": 9.042274355586358, "Benin": 0.1343694598699979, "Bulgaria": 22.09897140357057, "Colombia": 34.26083654861712, "Botswana": 11.162182228950122, "West Bank and Gaza": 34.91462762212634, "Peru": 30.61037454190943, "Chile": 35.72024436482391, "Vietnam": 0.009774378581959871, "Marshall Islands": 0.0, "Puerto Rico": 0.0, "Cuba": 9.613738588317718, "Slovenia": 33.45050932488539, "Saudi Arabia": 2.930218821021017, "Kuwait": 33.15836649764219, "Belgium": 31.708560882271737, "Egypt": 0.8935324418469512, "Estonia": 33.103133382797786, "Italy": 23.030845312125916, "Chad": 0.05643738623163559, "Iraq": 19.5105921306445, "Switzerland": 23.755567456015466, "Lithuania": 38.83553274907797, "United States of America": 19.090675700605026, "Azerbaijan": 19.950621996770785, "Croatia": 55.154974097813685, "Iran": 29.241863757535953, "Oman": 25.071140185835983, "Seychelles": 59.41101152368758, "Venezuela": 4.424610225128948, "Malta": 7.701990381890831, "Curacao": 0.31738374233518263, "Monaco": 13.198996876237407, "Faroe Islands": 0.5869474623326466, "Cabo Verde": 44.96635316641318, "Pakistan": 2.6244803822716833, "Israel": 1.476967356812275, "Sao Tome and Principe": 1.3949854921508817, "Comoros": 0.2518383359060018, "Dem. Rep. Congo": 0.09678471163807467, "Kazakhstan": 15.404616955989356, "Lesotho": 0.10082761999226181}