{"Grenada": 0.0, "Saint Vincent and the Grenadines": 0.25835687610366825, "China": 0.008064182305712231, "Dominica": 0.0, "Kuwait": 6.733542321026571, "Oman": 5.1514861405783705, "Kenya": 1.4814500377537434, "Senegal": 0.328732400500066, "Tanzania": 0.0, "Mozambique": 0.25921817952888454, "Iran": 16.491633071607, "Estonia": 30.35710247433538, "Brunei": 0.03297071046935455, "Saint Lucia": 1.0159980617883129, "France": 16.33891381722302, "Sudan": 0.6162980311303313, "United Kingdom": 22.27723452143719, "Ghana": 0.3376775986916557, "Turkey": 37.82110225487676, "Uganda": 0.7257480479394374, "Bulgaria": 41.11584180052696, "Switzerland": 44.83219862833131, "Finland": 7.5901479517288335, "Bahrain": 9.461879332922708, "Israel": 14.155848459362097, "Mauritius": 0.07900697710614824, "Uruguay": 6.025056476650967, "Denmark": 25.934282973790907, "Cyprus": 23.349155693814975, "Lesotho": 0.27559549464551564, "Paraguay": 12.54044313188888, "Solomon Islands": 0.0, "Azerbaijan": 40.716485869677655, "Slovenia": 74.4545801745557, "Congo": 0.0, "Iceland": 4.1910634665393, "Poland": 31.526043582021014, "Gibraltar": 0.4238958572657869, "Fiji": 0.09631327240234677, "Croatia": 85.02239002546317, "Venezuela": 1.2228797055638319, "Equatorial Guinea": 0.06321177778700202, "Ethiopia": 0.492001088367589, "Cote d'Ivoire": 0.1005467253187009, "Ecuador": 5.646477984894607, "Honduras": 3.639544710106453, "Gambia, The": 0.008518954247252424, "Canada": 17.0557827316292, "Lithuania": 73.54453383725205, "Bahamas, The": 2.7142277618551236, "Papua New Guinea": 0.042322693511278334, "Angola": 0.2055866926875978, "Sao Tome and Principe": 0.6642788057861342, "Gabon": 0.42082967490973366, "Yemen": 0.07935984858219272, "Faroe Islands": 0.5869474623326466, "Chile": 7.53556349529722, "Italy": 35.68265914122441, "Burkina Faso": 0.23901641203381274, "Qatar": 6.597906859447282, "Cuba": 0.6857052303716846, "South Sudan": 0.08135877838167084, "Greenland": 0.0, "Ireland": 5.941004867634412, "Zambia": 0.25274498247221544, "Nicaragua": 0.12003881225829366, "Togo": 0.1873567361692992, "Suriname": 0.2948689847955722, "Belgium": 20.26038960727971, "Jamaica": 1.9575584846035845, "Malta": 23.617542462550855, "Kyrgyzstan": 6.263509910770981, "Cabo Verde": 8.832212638116973, "Panama": 42.34808775742956, "Rwanda": 0.22287929502260756, "Tajikistan": 0.4168765992850015, "Ivory Coast": 0.003888547388016057, "Algeria": 2.122962055142476, "Andorra": 73.51933540002297, "Haiti": 0.12556832509319737, "Namibia": 3.819786263773709, "Czech Republic": 35.20112069464259, "Albania": 27.328234165127704, "Afghanistan": 0.5032064805123639, "Greece": 16.280905759590706, "Sierra Leone": 0.018284040930288348, "New Zealand": 0.08135041692088672, "Vietnam": 0.0035543194843490437, "Barbados": 0.7465750867893538, "Kazakhstan": 5.0903755789752445, "Benin": 0.09926392530936783, "Serbia": 105.3485228014294, "Nigeria": 0.11487510375306467, "South Africa": 6.327763049401171, "Channel Islands": 0.5805211919261113, "Hong Kong SAR": 0.03996057223539441, "Philippines": 1.3827661918568206, "United Arab Emirates": 12.857908863334977, "Republic of Korea": 14.633788429262488, "Guyana": 5.493340283047552, "Morocco": 10.769582201667111, "Madagascar": 0.09322767226780113, "El Salvador": 3.008309641880328, "Moldova": 52.88801399782696, "Cameroon": 0.35388036723617666, "Mauritania": 2.88195608871147, "Lebanon": 18.137115299729892, "Belize": 72.53507905481888, "Jordan": 38.44899677222454, "Syria": 0.5339316715588784, "Australia": 0.04167836547408361, "Mexico": 7.949240574409621, "Aruba": 0.5374913665449248, "Tunisia": 10.241496915952283, "Ukraine": 30.751272582015314, "Dem. Rep. Congo": 0.1339842776758381, "Sweden": 50.23599835612491, "Kosovo": 31.879650973555492, "Malaysia": 3.67049286670854, "Germany": 22.993159586575622, "Libya": 9.110039752824092, "Georgia": 117.03483290540748, "Antigua and Barbuda": 0.441289388755358, "India": 2.6637848099438974, "Monaco": 10.999164063531172, "Saudi Arabia": 0.70827169966065, "Uzbekistan": 0.44073000373727134, "Maldives": 5.730935022228224, "Bolivia": 1.1700956798280717, "Armenia": 36.480667105967385, "Netherlands": 31.66324555478676, "Guinea": 0.2170053392933291, "Slovakia": 28.846069978999438, "Russia": 18.851298275882566, "Malawi": 0.01840473451366014, "San Marino": 86.91249683571007, "Djibouti": 0.23477898493305865, "Bhutan": 0.5616248480804786, "Guatemala": 3.124887559542143, "Liechtenstein": 47.720500651929676, "Norway": 6.819771471140908, "Laos": 0.0, "Guam": 0.0, "Eswatini": 1.1198333687947233, "Somalia": 0.07585545410196924, "Singapore": 0.12523486860345065, "Iraq": 5.055084779132099, "Montenegro": 79.77112987745693, "Botswana": 7.912746957855754, "West Bank and Gaza": 43.650144881526565, "Puerto Rico": 0.0, "Central African Republic": 0.0270951350835486, "Latvia": 32.010102226942664, "Japan": 1.7649963540323232, "Thailand": 0.022364521953193255, "Vanuatu": 0.0, "Guinea-Bissau": 0.1487380985351231, "Indonesia": 2.2514502399122907, "Liberia": 0.23436402774893236, "Costa Rica": 18.891726688819187, "Argentina": 15.184808017766825, "Belarus": 18.12337998712863, "Dominican Republic": 6.676625423062462, "Burundi": 0.016106239730723497, "Romania": 32.107266373879256, "Sri Lanka": 2.7964696863472263, "Nepal": 4.636450128050414, "Saint Martin": 2.631440450502605, "Timor-Leste": 0.011047486183185217, "Luxembourg": 84.1846282049155, "Saint Kitts and Nevis": 0.8113348892933543, "Macao SAR": 0.0, "Cambodia": 0.026861736248701692, "Portugal": 39.57242307773793, "Niger": 0.19120575482746266, "Cayman Islands": 0.5132310976986717, "Brazil": 19.695580067056284, "Hungary": 58.58050757773367, "Trinidad and Tobago": 1.2801067015019545, "Seychelles": 1.6096579476861166, "Pakistan": 1.4307791557701905, "Colombia": 18.124952236757963, "Zimbabwe": 0.7910784609760703, "Curacao": 0.31738374233518263, "Mali": 0.30303863378498375, "North Macedonia": 46.557191670198456, "Chad": 0.05374989164917675, "South Korea": 1.034357905173946, "Peru": 4.7492417284988315, "Comoros": 0.08394611196866728, "Marshall Islands": 0.0, "Bosnia and Herzegovina": 32.04223828277146, "Egypt": 0.42122249209539353, "Bangladesh": 1.3490482787702245, "United States of America": 58.83225533620894, "Mongolia": 0.28791421609219886, "Spain": 17.607406079867697, "Austria": 41.46639875535467}