{"Saint Vincent and the Grenadines": 20.02265789803429, "Italy": 20.979110180574203, "Somalia": 0.02775199540315948, "Bahrain": 29.238686917467685, "Estonia": 39.187476376057624, "Australia": 0.02421850966737291, "Liechtenstein": 16.15733486640139, "Aruba": 0.5374913665449248, "Sri Lanka": 3.8343347245791866, "Zambia": 7.2112302593971345, "Iraq": 2.2171870767422672, "Finland": 7.069991204951645, "Sudan": 0.3340088409103745, "Kuwait": 13.823626217296606, "Angola": 0.16069876852000003, "Saint Kitts and Nevis": 0.8113348892933543, "Vanuatu": 0.0, "Sao Tome and Principe": 4.649951640502939, "Guinea": 0.20358232861539122, "Latvia": 41.14410946528865, "Saint Martin": 2.631440450502605, "Panama": 30.758545151428223, "Timor-Leste": 0.03314245854955565, "Indonesia": 4.866872002278809, "Fiji": 0.0, "Zimbabwe": 2.0103732528627383, "Equatorial Guinea": 0.8428237038266936, "Maldives": 25.69503730623453, "Guatemala": 4.651195525023354, "Pakistan": 0.7984394145432174, "United Arab Emirates": 36.33960278477684, "Barbados": 8.013239264872398, "Liberia": 0.049187511996689505, "Mauritania": 0.7765182889627837, "North Macedonia": 14.474555466242848, "Tanzania": 0.0, "Albania": 31.27731415712143, "Montenegro": 76.14308194405503, "Norway": 5.251731575504515, "Egypt": 0.6195955170889673, "Georgia": 17.88602813981391, "El Salvador": 3.9313892008678897, "Nepal": 0.6726223287543249, "Vietnam": 0.04457709019954426, "Cayman Islands": 0.5132310976986717, "Greenland": 0.0, "Bulgaria": 8.70975121669777, "Argentina": 19.158473942402775, "Monaco": 49.862877088007984, "Kazakhstan": 7.676845025803351, "Namibia": 8.888018412858765, "Ireland": 25.93226942222904, "Papua New Guinea": 0.05208946893695795, "Suriname": 8.452910897473071, "Costa Rica": 11.037862784478627, "Singapore": 0.5335005402506997, "Cote d'Ivoire": 0.771598903136329, "Portugal": 118.5823332104859, "Macao SAR": 0.0, "Curacao": 0.31738374233518263, "San Marino": 58.22293477343684, "Kenya": 0.2244456586912311, "Greece": 6.986672159667148, "Ivory Coast": 0.003888547388016057, "Luxembourg": 23.460156450206398, "Ethiopia": 0.5460447312349096, "Uganda": 0.137146696475883, "Cameroon": 0.0, "Poland": 14.895251404687556, "Samoa": 0.0, "Bahamas, The": 1.5405076486204754, "Dominican Republic": 13.391828677818252, "Philippines": 1.690106293362694, "Moldova": 20.093037536729057, "Niger": 0.11889075780938384, "Brunei": 0.16485355234677276, "Mali": 0.08066496007226186, "Afghanistan": 0.15246405305076102, "South Sudan": 0.1820886944732633, "Gabon": 3.5639013093918073, "Nigeria": 0.641338605235241, "Madagascar": 0.17162366940208842, "United States of America": 45.45117325365912, "Hungary": 12.934707087153534, "Mauritius": 0.15801395421229647, "Switzerland": 19.662192798646085, "Belize": 6.733831758873196, "Kyrgyzstan": 1.17261047428775, "Guinea-Bissau": 0.7585643025291278, "Nicaragua": 0.10912619296208514, "South Africa": 10.259378027585662, "Canada": 11.944520599678555, "Peru": 20.089802237716327, "Sweden": 28.302107841045018, "Laos": 0.0, "Solomon Islands": 0.0, "Spain": 70.49152926820305, "Germany": 14.19467251599284, "Cambodia": 0.005199045725555166, "Croatia": 12.8580208973571, "Russia": 12.973093916218291, "Republic of Korea": 14.633788429262488, "Japan": 2.7054226165141615, "Thailand": 1.192500932036323, "Malta": 33.59318314167883, "Saudi Arabia": 0.7374529939374276, "Bolivia": 19.690613301369744, "Bhutan": 0.05616248480804786, "Burundi": 0.19327487676868194, "Colombia": 22.500107066001053, "Congo": 0.0, "Israel": 61.893768807269964, "Hong Kong SAR": 0.03996057223539441, "Kosovo": 14.737570917095706, "Trinidad and Tobago": 0.7783048745131883, "Ukraine": 9.652841296664553, "Netherlands": 24.3591957303205, "Belgium": 20.984374794940834, "Serbia": 24.702341312552292, "Slovenia": 60.53796410443565, "Iceland": 0.7512283572098747, "Oman": 3.6784023110818804, "Lesotho": 6.009326151538804, "Qatar": 12.232357900733685, "Ghana": 2.3102032099641927, "Jamaica": 3.779444598987119, "South Korea": 0.8379293606817786, "Yemen": 0.001959502434128215, "Ecuador": 7.951280342788824, "Lebanon": 44.996882787496254, "United Kingdom": 37.363348156643916, "Jordan": 9.68861545117369, "Paraguay": 11.185815704317442, "Denmark": 9.332217133710047, "Malawi": 3.506101924852257, "Tunisia": 14.565793085140152, "Guam": 0.0, "Mexico": 11.958742159265174, "Morocco": 1.9298683945304185, "Uruguay": 17.08887593822716, "Lithuania": 30.182631576896917, "Gambia, The": 0.008518954247252424, "Grenada": 0.0, "Chad": 0.18633295771714609, "Faroe Islands": 0.5869474623326466, "Channel Islands": 0.5805211919261113, "Senegal": 1.744473271987017, "Eswatini": 15.714994942085953, "Burkina Faso": 0.4702999401488845, "Chile": 21.292847615800323, "Seychelles": 22.82787634900311, "Andorra": 70.37115227206229, "Sierra Leone": 0.8465510950723506, "Marshall Islands": 0.0, "Antigua and Barbuda": 5.0012797392273916, "Azerbaijan": 1.8627991820102456, "India": 0.9441371136383186, "Tajikistan": 0.0, "Brazil": 24.73109411084211, "France": 31.30975409231709, "Saint Lucia": 41.34330574507826, "Turkey": 8.705713021860232, "Central African Republic": 0.0270951350835486, "Romania": 13.325873520751285, "Rwanda": 2.453934979208303, "Armenia": 4.979685924301916, "Benin": 0.30747606132413935, "Gibraltar": 0.4238958572657869, "Honduras": 8.804971837941789, "Dem. Rep. Congo": 0.14813986475215513, "Malaysia": 14.489258295247925, "Dominica": 0.7957728545963839, "Libya": 10.695127650585247, "Czech Republic": 64.62085463490281, "Slovakia": 36.59912247494408, "Venezuela": 1.6411937383970148, "Togo": 0.7299842645086847, "Cuba": 7.289399535366639, "Guyana": 6.241602580738416, "Iran": 7.902689533681565, "Comoros": 8.109194416173258, "Belarus": 16.191829080923412, "Syria": 0.3640443215174171, "Bosnia and Herzegovina": 9.46466438741507, "Botswana": 13.047350783172813, "Austria": 16.295601109819593, "Cabo Verde": 14.235448604965004, "China": 0.0075224818466466436, "West Bank and Gaza": 10.985713328313793, "Bangladesh": 0.2871228946892268, "Algeria": 0.5813425321365455, "Uzbekistan": 0.13868531005632284, "Cyprus": 10.333699839988558, "Haiti": 0.5530079771781218, "Mongolia": 0.7795831081881075, "Mozambique": 3.1529586918377213, "Djibouti": 0.20543161181642633, "New Zealand": 0.049391324559109794, "Puerto Rico": 0.0}