{"North Macedonia": 20.91302424066352, "Mauritania": 4.078299306259823, "Greece": 6.660067565292326, "Paraguay": 9.553367980971622, "Japan": 2.870042468765253, "Uganda": 0.7447872363913833, "Djibouti": 0.4548842833078012, "Cameroon": 0.0, "Togo": 0.19972935082198878, "Singapore": 0.2604885266951773, "Cambodia": 0.012997614313887913, "Sierra Leone": 0.14627232744230678, "Botswana": 4.849348057243887, "Tanzania": 0.0, "Iran": 7.387180625648006, "Azerbaijan": 12.684707513306185, "Malaysia": 5.686156387615117, "Malta": 20.690217704858025, "Pakistan": 1.0144745337293575, "South Sudan": 0.13430655478878994, "Mongolia": 0.646699623837862, "Sri Lanka": 2.677875259630064, "Liberia": 0.0, "Dem. Rep. Congo": 0.22945219051611584, "Guinea": 0.10402833275401857, "Qatar": 6.209497969403367, "Brazil": 17.395713674625494, "Grenada": 2.80604728699869, "Central African Republic": 0.045158558472581004, "Guam": 0.0, "Australia": 0.08560961556838795, "Faroe Islands": 0.5869474623326466, "United States of America": 57.42574759956618, "Equatorial Guinea": 0.44248244450901414, "Saudi Arabia": 0.450225683127429, "Romania": 18.12380793360043, "Afghanistan": 0.35149348191012886, "Congo": 1.4443670693229285, "Haiti": 0.268893787068261, "Maldives": 5.3542538470582945, "Peru": 6.787267555365743, "Ivory Coast": 0.003888547388016057, "Kuwait": 5.348123628651966, "Honduras": 5.66819145951738, "Samoa": 0.0, "Puerto Rico": 0.0, "Ireland": 25.29914043633515, "Tajikistan": 0.2927332002332179, "Slovenia": 70.80779730072383, "Aruba": 0.5374913665449248, "Zimbabwe": 1.0778565960278144, "Estonia": 43.236525872457094, "Denmark": 42.65419843829115, "Armenia": 16.30593567453275, "Suriname": 9.927255821450933, "Cyprus": 32.359855900310194, "Kosovo": 14.028957296554639, "Kyrgyzstan": 2.6638170019668883, "China": 0.006060912683507419, "United Kingdom": 65.18819589572594, "Philippines": 1.1269577496748038, "New Zealand": 0.09878264911821959, "Kenya": 0.28395364810210233, "South Korea": 1.9734023815858701, "Eswatini": 17.133450542559267, "Montenegro": 65.626335402928, "Algeria": 0.880641027563009, "Bhutan": 2.8268450686717426, "Slovakia": 48.16060008207234, "Sao Tome and Principe": 0.13285576115722683, "Zambia": 1.198139189061325, "Austria": 22.671580923873037, "Chile": 11.401713857143715, "Malawi": 0.23619409292530516, "West Bank and Gaza": 27.68838821382668, "Seychelles": 10.243277848911651, "Angola": 0.24059927353832405, "Venezuela": 1.1697763672640507, "Latvia": 47.04424496675498, "Costa Rica": 18.198322488255783, "Israel": 53.237099021509124, "Vietnam": 0.004887189290979936, "Netherlands": 53.98502183508688, "Laos": 0.0, "Mali": 0.4963438534176113, "Republic of Korea": 14.633788429262488, "Albania": 17.74333152296295, "Dominican Republic": 9.499458486967331, "Senegal": 0.8494445228921705, "Syria": 0.6628117302110215, "Ethiopia": 0.37040289191611747, "Egypt": 1.3433582180339576, "Brunei": 0.16485355234677276, "Niger": 0.24758693894325295, "Indonesia": 2.7401592108885398, "Czech Republic": 79.00068180999929, "Trinidad and Tobago": 0.645173777556985, "Argentina": 19.89376108509741, "Saint Lucia": 3.751377458910693, "Marshall Islands": 0.0, "Madagascar": 0.04343562003386188, "Burkina Faso": 0.5441138321005031, "Mozambique": 0.292149708688634, "Guyana": 1.2410203961702113, "Chad": 0.14064554981534583, "Cote d'Ivoire": 0.23497936359011312, "Tunisia": 15.562579998715659, "Bolivia": 8.799913638749398, "Comoros": 1.8636036857044136, "Hong Kong SAR": 0.03996057223539441, "Curacao": 0.31738374233518263, "Nepal": 2.0218617736646336, "Gabon": 0.6706972943873881, "Solomon Islands": 0.0, "Belgium": 15.029534428387882, "Ukraine": 18.698658529926437, "Iraq": 2.382903730896418, "Fiji": 0.048156636201173386, "Russia": 19.442522580649662, "Ecuador": 3.7486956652300143, "Colombia": 24.056114974721282, "Cabo Verde": 3.974495687152638, "Guinea-Bissau": 0.037184524633780774, "Italy": 23.954599963155953, "Uruguay": 15.301992750288893, "Oman": 1.679832437145121, "Thailand": 0.25770495021294243, "Turkey": 18.78503899878444, "Macao SAR": 0.0, "Saint Martin": 2.631440450502605, "Jamaica": 1.540850490356287, "Papua New Guinea": 0.0, "Bulgaria": 12.61715900448506, "Rwanda": 0.8326860971403003, "Nicaragua": 0.12222133611753536, "Guatemala": 2.737718120722219, "Kazakhstan": 4.851173452329447, "Nigeria": 0.40455087590265537, "Norway": 9.752834172007619, "Bahamas, The": 3.081015297240951, "Spain": 22.554946688353347, "Timor-Leste": 0.03314245854955565, "Lebanon": 32.68389860710747, "France": 20.387533821608056, "Sudan": 0.0, "El Salvador": 3.0658637630642045, "Mexico": 7.63301333663852, "Switzerland": 41.06036296521195, "Channel Islands": 0.5805211919261113, "Vanuatu": 0.0, "Barbados": 1.8913235531996964, "Mauritius": 0.0, "Jordan": 15.49527944803826, "Cayman Islands": 0.5132310976986717, "Saint Kitts and Nevis": 0.5408899261955695, "Bahrain": 13.988261350512227, "Panama": 78.79879723087643, "Cuba": 1.4533421518723388, "Portugal": 36.9126532276787, "Morocco": 5.321924472596874, "Namibia": 19.356638038313545, "Yemen": 0.005388631693852591, "Andorra": 65.00072223024702, "Croatia": 31.518131530424096, "Dominica": 0.0, "Belarus": 19.974952613623785, "Bosnia and Herzegovina": 12.372874020859477, "Germany": 23.092999843367647, "Lesotho": 2.480359451809641, "Antigua and Barbuda": 0.7354823145922633, "Luxembourg": 28.645358023189143, "Lithuania": 86.9493540773311, "Liechtenstein": 84.54419406837935, "India": 1.270004826691635, "Belize": 11.198654990299987, "Benin": 0.05568464102720634, "United Arab Emirates": 13.757114452481101, "Hungary": 17.207283857294005, "Ghana": 0.3428437371973695, "Gambia, The": 0.008518954247252424, "Somalia": 0.02497679586284353, "San Marino": 84.3810648890389, "Gibraltar": 0.4238958572657869, "Sweden": 58.02786295779653, "Finland": 4.39157213572582, "Moldova": 29.671901338347883, "Saint Vincent and the Grenadines": 1.6793196946738436, "Serbia": 45.06444279085649, "Monaco": 33.73076979482892, "Burundi": 0.055752368298658254, "Bangladesh": 0.6649300115338853, "Libya": 6.669173016644012, "Canada": 17.511079930980593, "Greenland": 0.0, "Poland": 21.32536788968453, "South Africa": 22.220601803980887, "Uzbekistan": 0.2578015272826124, "Iceland": 2.846760090479525, "Georgia": 41.49343496754596}