{"Egypt": 0.8319144218884021, "Nigeria": 0.02132582371653428, "Djibouti": 0.38151585051622033, "Mauritania": 0.8585893276336471, "Guinea": 0.1252814329940869, "Romania": 1.5653620811649023, "Senegal": 0.27788845588938915, "Indonesia": 2.644349448270059, "Haiti": 1.3837883098654378, "Monaco": 2.9331104169416458, "Gabon": 1.7819506546959036, "Iraq": 10.306049550784126, "Greece": 8.804993248349842, "Antigua and Barbuda": 0.14709646291845266, "Curacao": 0.31738374233518263, "Bosnia and Herzegovina": 1.9734279655515643, "Italy": 3.6054624979161622, "Dominican Republic": 11.31128630649534, "Faroe Islands": 0.5869474623326466, "Japan": 1.7180429253833864, "Canada": 4.101475271619554, "Malawi": 0.0644165707978105, "Mozambique": 0.149132782052008, "Poland": 1.1087445603701405, "Norway": 3.9054077128115967, "Malta": 0.5684125743092865, "Kosovo": 0.6210321618225095, "Dem. Rep. Congo": 0.34977468066481077, "Estonia": 4.964393132553604, "Belize": 3.074140585572546, "Gambia, The": 0.008518954247252424, "Slovenia": 9.722473665506675, "Lesotho": 0.06721841332817455, "Gibraltar": 0.4238958572657869, "Algeria": 0.8076413945321642, "Rwanda": 0.6211204719157947, "Qatar": 6.113656814717207, "Jordan": 1.917641592729751, "Thailand": 3.779193851888684, "Belgium": 9.105793081923464, "Syria": 0.14561772860696684, "Guinea-Bissau": 0.11899047882809848, "Samoa": 0.0, "Luxembourg": 6.7983753956884945, "Lithuania": 8.791306581925648, "United Arab Emirates": 18.272149996031068, "Namibia": 25.679042888697612, "Suriname": 47.40018930588825, "Portugal": 6.141675673646183, "Colombia": 51.30427389569192, "Tanzania": 0.0, "Marshall Islands": 0.0, "Latvia": 11.001138726151783, "Costa Rica": 35.21644272494039, "Central African Republic": 0.030105705648387333, "Zambia": 6.850508781248497, "Cambodia": 3.934811106624334, "Czech Republic": 2.833120512337443, "Togo": 0.11312104825316179, "Turkey": 7.438434353145634, "Vietnam": 0.2633158351321917, "South Africa": 10.333541030400756, "Morocco": 0.9279192666211814, "Benin": 0.03268446321162111, "Republic of Korea": 14.633788429262488, "Eswatini": 1.0576204038616832, "Spain": 11.185981471417938, "Uruguay": 107.36980781472936, "Ireland": 7.189916839808653, "Kenya": 0.7515940580386745, "Saint Martin": 2.631440450502605, "Saint Vincent and the Grenadines": 11.367702548561402, "Macao SAR": 0.0, "Belarus": 9.079798283309987, "Bahamas, The": 4.5481654387842605, "Kuwait": 34.27892573412165, "Russia": 6.966156030110168, "South Korea": 1.110332377375558, "Honduras": 5.958416933782815, "Burkina Faso": 0.007029894471582728, "Chad": 0.0071666522198902335, "Cayman Islands": 0.5132310976986717, "San Marino": 0.0, "Serbia": 2.6946512714999997, "Saint Lucia": 4.5329144295170885, "Chile": 38.5310992486854, "United Kingdom": 9.236260874919138, "Kazakhstan": 6.101197468994581, "Cabo Verde": 17.248791740322556, "Mali": 0.03778899030412267, "Sri Lanka": 13.492245497015483, "Venezuela": 4.972676754373861, "Netherlands": 10.126106538410342, "Zimbabwe": 0.41553566507497647, "Guatemala": 7.712415221292887, "Liberia": 0.47740820467375106, "Yemen": 0.04016979989962841, "Ghana": 0.17001292173349006, "North Macedonia": 1.069649764440495, "Botswana": 20.42059226662931, "Bulgaria": 2.058147183818777, "Cameroon": 0.5531796068184852, "Bhutan": 2.1528952509751678, "Hong Kong SAR": 0.03996057223539441, "Barbados": 0.3484017071683651, "Uzbekistan": 0.6878961544818222, "Iceland": 0.0, "Nicaragua": 0.3972193423819899, "Montenegro": 4.179143822019909, "Tajikistan": 0.0, "Angola": 0.5458371578779888, "Georgia": 19.637000409404962, "Mexico": 2.232179092680294, "Liechtenstein": 2.254511841823449, "Ethiopia": 0.18341698605206233, "Mauritius": 0.8465033261373025, "Saudi Arabia": 2.9681545035808283, "Germany": 3.022186912566929, "New Zealand": 0.05810744065777623, "Cuba": 10.188520913776333, "Congo": 0.48853592050628464, "Panama": 17.416273460455418, "Comoros": 0.20147066872480146, "Australia": 0.049000240489801, "Slovakia": 1.9330245750024142, "South Sudan": 0.0, "Vanuatu": 0.0, "Somalia": 0.0767805206154079, "Bahrain": 82.11901529603756, "Cyprus": 5.220485040271035, "El Salvador": 2.7316071361886123, "China": 0.0019521658053118327, "Cote d'Ivoire": 0.11998946225878118, "Hungary": 2.036858124847939, "Switzerland": 4.866401047690664, "Kyrgyzstan": 6.340946451525832, "Saint Kitts and Nevis": 2.163559704782278, "Aruba": 0.5374913665449248, "Bolivia": 24.91447630463186, "Paraguay": 42.99319774242823, "Greenland": 0.0, "Mongolia": 35.125534363248256, "Finland": 1.8244303804871556, "Sao Tome and Principe": 0.39856728347168047, "Moldova": 1.7684883225210968, "Singapore": 0.23043215823034915, "Afghanistan": 4.166474553197521, "Pakistan": 0.7005474704600934, "Lebanon": 2.008752200016041, "Andorra": 9.814923869524478, "Channel Islands": 0.5805211919261113, "Tunisia": 15.436760081928556, "Croatia": 4.179471419791027, "West Bank and Gaza": 5.183378478527184, "Guam": 0.0, "Equatorial Guinea": 0.7164001482526895, "Peru": 14.382187432805953, "France": 7.748085144934919, "Israel": 0.17357522355699817, "Armenia": 2.4729381117774794, "Ukraine": 3.8426618732579136, "Dominica": 0.0, "Uganda": 2.3321392363087208, "Burundi": 0.14619509909425943, "Maldives": 81.73981501187487, "Laos": 0.06376256732804057, "Jamaica": 0.8770249646367545, "Brunei": 0.1318828418774182, "Timor-Leste": 7.655907924947356, "Solomon Islands": 0.0, "Austria": 3.476051589690926, "United States of America": 4.444750722912966, "Nepal": 12.662976714833649, "Niger": 0.017159490817849215, "Oman": 27.56360951137781, "Argentina": 59.05725875848741, "Iran": 10.169929413632634, "Bangladesh": 1.2862264553060265, "Grenada": 0.0, "Fiji": 6.147997221683136, "Ecuador": 5.302772174834034, "Kiribati": 0.0, "Sweden": 8.04048202835597, "Ivory Coast": 0.003888547388016057, "Libya": 3.8826222176543204, "Malaysia": 20.020707589199848, "Denmark": 11.338115949348328, "Azerbaijan": 0.8522983250513595, "Guyana": 13.34096925882977, "Sudan": 0.20153980010975642, "Philippines": 6.176267568653929, "Papua New Guinea": 0.7129746060746119, "Madagascar": 0.1996979116190967, "Seychelles": 124.23632705322845, "Puerto Rico": 0.0, "Trinidad and Tobago": 26.90272243876507, "Sierra Leone": 0.23769253209374847, "Albania": 0.33534646319845346, "India": 7.557299765170185, "Brazil": 28.43801005736711}