{"Burundi": 0.09292061383109708, "Mexico": 7.9493525528932505, "Ukraine": 15.679309251675958, "Aruba": 0.5374913665449248, "Channel Islands": 0.5805211919261113, "Denmark": 34.36298632028567, "Guinea-Bissau": 0.022310714780268463, "Montenegro": 67.48628402701381, "Vanuatu": 0.0, "Macao SAR": 0.0, "Cuba": 1.866782070184678, "West Bank and Gaza": 23.383135030485278, "Eswatini": 18.290611690313817, "Maldives": 6.1614277938510025, "Mali": 0.27760373646490116, "Oman": 3.3768939249276277, "Brazil": 17.580775178492985, "Ireland": 89.82336799873536, "Tunisia": 15.940039749076973, "Bhutan": 1.8720828269349288, "Bosnia and Herzegovina": 11.113515384948283, "Dominican Republic": 9.05780882758165, "Peru": 5.217223079428814, "Romania": 19.75633076412224, "Sierra Leone": 0.2852310385124982, "Lebanon": 45.89081919186024, "Botswana": 4.619903200315467, "Zambia": 2.4506665389078104, "Mozambique": 0.559365545299172, "Uzbekistan": 0.15570191251722137, "Luxembourg": 23.898017916369383, "Saint Martin": 2.631440450502605, "Kazakhstan": 4.251624896188207, "Serbia": 35.81212109680535, "Comoros": 3.928678040133628, "Iceland": 3.0839900980194854, "Slovakia": 61.31983512924324, "Norway": 10.647712136297555, "Senegal": 1.0887617104562186, "Bahrain": 16.19052029368559, "Mongolia": 0.4119388014857614, "North Macedonia": 17.94406047141522, "Bulgaria": 11.505145152929243, "Colombia": 26.99502030076665, "Benin": 0.06415839074873773, "Papua New Guinea": 0.030928122181318785, "Kosovo": 11.56871450164239, "Saint Lucia": 3.2824552765468566, "Argentina": 20.045078283507547, "Cyprus": 45.065419948093115, "Equatorial Guinea": 0.23177651855234074, "Malta": 27.226962309414823, "Australia": 0.07941418286278093, "Marshall Islands": 0.0, "Hong Kong SAR": 0.03996057223539441, "Guinea": 0.15548320701944712, "Laos": 0.0, "Djibouti": 0.4548842833078012, "Nigeria": 0.5572437737130408, "Switzerland": 38.9828545412235, "Lesotho": 7.158761019450589, "Costa Rica": 19.868153012061523, "Haiti": 0.16235096577706326, "Slovenia": 83.59548433860701, "Spain": 22.17259259324221, "Albania": 16.637188711517304, "El Salvador": 3.209749066023896, "Namibia": 17.323618362691853, "Samoa": 0.0, "Vietnam": 0.007256735613879298, "Iraq": 2.027848531096845, "Grenada": 0.0, "San Marino": 70.88009450679269, "Belarus": 19.10877275412238, "New Zealand": 0.0755396728551091, "South Africa": 27.753796102826904, "Brunei": 0.4945606570403182, "India": 1.3612444407894977, "Dominica": 3.3820346320346317, "Finland": 4.42780195888443, "Niger": 0.2678106245500038, "Greece": 6.2121526930068525, "South Korea": 1.6830417623717095, "Moldova": 22.350682203777264, "Georgia": 31.375426348308164, "Saudi Arabia": 0.3476742775261813, "Ivory Coast": 0.003888547388016057, "Poland": 24.599682076620848, "Andorra": 67.59334362974404, "Guatemala": 2.694699294186672, "Gibraltar": 0.4238958572657869, "Liberia": 0.0, "Croatia": 28.810255509702348, "Iran": 7.56119934126094, "Turkey": 15.59689394638651, "Burkina Faso": 0.6587011119873016, "Cote d'Ivoire": 0.33219304829051455, "Philippines": 1.0996063304952184, "Belgium": 14.842940307856663, "Tajikistan": 0.013793711005753726, "Egypt": 1.329839252916031, "Cayman Islands": 0.5132310976986717, "Cambodia": 0.016463644797591357, "Gabon": 0.47343338427345044, "Zimbabwe": 4.145602292414671, "Barbados": 18.46529047992335, "Timor-Leste": 0.05523743091592609, "Madagascar": 0.02860394490034807, "Solomon Islands": 0.0, "Indonesia": 2.883794673194261, "Morocco": 3.9216241863281005, "Cameroon": 0.3152350853227096, "Congo": 0.5841190353879491, "Monaco": 45.829850264713215, "Guyana": 1.642526994931162, "Venezuela": 0.9062635753236263, "Ethiopia": 0.37945265286795654, "Pakistan": 1.0400029585003607, "Curacao": 0.31738374233518263, "Cabo Verde": 6.754044958560039, "China": 0.005406783827277275, "Czech Republic": 102.22798551889815, "Kuwait": 7.283635037116488, "Mauritania": 3.0113758035386002, "Guam": 0.0, "Nepal": 1.590924082710675, "Puerto Rico": 0.0, "Malaysia": 6.708296318580611, "Uruguay": 19.044955917633022, "Canada": 20.94253102692694, "Estonia": 37.1091078845547, "Syria": 0.5749389629481967, "Togo": 0.3499682430332193, "Belize": 14.711958516668611, "Netherlands": 45.452091589916584, "Sweden": 45.316428940951845, "Ghana": 0.1864506351607612, "Lithuania": 74.8927050506902, "France": 22.93962367441167, "Mauritius": 0.1354405321819684, "Saint Vincent and the Grenadines": 4.39206689376236, "Republic of Korea": 14.633788429262488, "Chile": 14.208799828583832, "Kenya": 0.31900629939891684, "Antigua and Barbuda": 0.7354823145922633, "United Kingdom": 87.61013775122899, "Faroe Islands": 0.5869474623326466, "Malawi": 0.6717728097485952, "Rwanda": 0.9435600611616989, "Thailand": 0.6056887046406099, "Bangladesh": 0.5745962598022427, "Saint Kitts and Nevis": 0.27044496309778476, "Suriname": 12.0404835458192, "Chad": 0.22574954492654237, "Honduras": 5.962814289453504, "Israel": 74.29966342186196, "Jordan": 14.041492163874409, "Hungary": 18.999952960713657, "Uganda": 0.667339690146179, "Afghanistan": 0.6620544963755952, "Nicaragua": 0.11349124068056855, "Libya": 6.390939502675299, "Sudan": 0.0, "Armenia": 9.94005201960557, "Yemen": 0.002449378042660269, "Ecuador": 4.923709068523213, "Azerbaijan": 6.8027088720236435, "United States of America": 68.65078219115009, "Sao Tome and Principe": 0.7307066863647476, "Jamaica": 2.6213840103231165, "Sri Lanka": 2.3365067716762438, "Greenland": 0.0, "Germany": 17.988430431995575, "Bolivia": 10.85347498563748, "Fiji": 0.06420884826823119, "Latvia": 46.72309835085239, "Kyrgyzstan": 1.8142275262565186, "Paraguay": 9.796714225445532, "Trinidad and Tobago": 0.6656554847810162, "Russia": 17.61719793629174, "Seychelles": 8.340954819828058, "Liechtenstein": 75.1503947274483, "Italy": 28.792761986414327, "South Sudan": 0.06327904985241066, "Central African Republic": 0.0, "Japan": 3.237636901730062, "Qatar": 7.263750670951136, "Somalia": 0.01110079816126379, "Gambia, The": 0.008518954247252424, "Angola": 0.19705798709575423, "Austria": 23.598528014457283, "Algeria": 0.6118696514039897, "Tanzania": 0.0, "Bahamas, The": 3.4111240790881956, "Dem. Rep. Congo": 0.18533943078991852, "United Arab Emirates": 18.566036700776387, "Portugal": 57.17670521816657, "Singapore": 0.5284911455065616, "Panama": 75.76095776114663}