{"Dominican Republic": 0.7609144733994277, "Liechtenstein": 379.1337413999767, "India": 0.143754405161638, "San Marino": 103.36680448907266, "Namibia": 0.47532572697633857, "Rwanda": 0.08824662442519486, "Saint Kitts and Nevis": 1.8931147416844936, "Angola": 0.032768184642346376, "Kosovo": 2.1178789108306098, "Lithuania": 173.0170144333262, "Chile": 68.82410972672926, "Saint Vincent and the Grenadines": 0.5167137522073365, "Chad": 0.017020799022239304, "Marshall Islands": 0.0, "Finland": 111.5464498163381, "Colombia": 1.1027989664940416, "Uganda": 0.05389058426228815, "Barbados": 33.49633556061567, "Cote d'Ivoire": 0.0272198317161124, "Burkina Faso": 0.046397303512446, "Iraq": 0.7998735872659776, "Slovenia": 139.78878216746438, "Pakistan": 0.1617459884715771, "Tunisia": 4.970497489385716, "Faroe Islands": 0.5869474623326466, "Luxembourg": 174.5914982974103, "Dem. Rep. Congo": 0.026171376106214072, "Oman": 2.3546369204427338, "Solomon Islands": 16.9554387609008, "Central African Republic": 0.0, "Palau": 32.52522688328997, "Channel Islands": 0.0, "United Kingdom": 130.45825724041381, "Slovakia": 183.9804595836647, "Canada": 14.249510177363192, "Iran": 2.051353295136214, "Georgia": 20.76591674111499, "Trinidad and Tobago": 21.434106609948724, "Macao SAR": 0.0, "Bahamas, The": 1.6872226627748064, "Zimbabwe": 1.28952617189934, "Latvia": 187.29569380477557, "Cabo Verde": 0.5195419198892337, "Yemen": 0.0034291292597243765, "Puerto Rico": 0.0, "Aruba": 0.5374913665449248, "Uzbekistan": 0.07912720144317807, "Bosnia and Herzegovina": 4.08101441121738, "Mongolia": 5.669695332277146, "Grenada": 4.336618534452522, "Monaco": 148.85535365978853, "Hungary": 22.456616713147632, "Papua New Guinea": 0.0, "Vietnam": 245.80503590261054, "Paraguay": 2.218506595453822, "Estonia": 107.77363659565395, "Togo": 0.05656052412658089, "Ukraine": 0.0, "Maldives": 0.0, "Tanzania": 0.005910773315560689, "Benin": 0.0, "Egypt": 0.7969074174777715, "Panama": 6.73505494839323, "Belarus": 13.694394120165885, "Guinea-Bissau": 0.3941559611180762, "United States of America": 9.578501785547797, "Jordan": 12.980849690019458, "Sierra Leone": 0.007313616372115338, "Algeria": 0.030858935781220734, "Ireland": 114.22051645516689, "Liberia": 0.0, "Somalia": 0.0, "Kenya": 0.0271725979045074, "Laos": 21.519866473213693, "Mauritius": 126.36601652577652, "El Salvador": 10.399586973917424, "Sudan": 0.05772580367382097, "Israel": 122.02811603030307, "Greece": 204.94238335023635, "Samoa": 17.90271505183452, "Mauritania": 0.0157828920520891, "Singapore": 173.08460719945705, "Ivory Coast": 0.003888547388016057, "Norway": 59.79120440209437, "Peru": 2.3900005330593213, "Japan": 31.242019437459078, "Afghanistan": 0.21930789896956757, "Burundi": 0.13628356695227573, "Philippines": 0.5474247809711236, "Syria": 0.11967434017698998, "Ecuador": 3.7947423766256896, "Switzerland": 288.28719743014045, "Venezuela": 0.37372726765695147, "Guam": 0.0, "Belize": 3.3669158794365983, "Mexico": 2.5674426726684954, "Indonesia": 2.888439995018188, "Seychelles": 33.65648436070971, "Turkey": 20.732103684901684, "Mozambique": 0.01317261166389976, "Italy": 120.33781927924619, "Malta": 58.57491578257197, "Saudi Arabia": 0.3351680085504194, "Guyana": 0.7117616978035034, "Bangladesh": 0.07552637632655279, "Brunei": 311.14459469929886, "Lebanon": 6.405502347354055, "Haiti": 0.041856108364399125, "Saint Martin": 2.631440450502605, "Ethiopia": 0.025109900105807003, "Eswatini": 1.2940296706072358, "Kuwait": 3.8880009871787307, "Iceland": 348.1745743994819, "Gambia, The": 0.008518954247252424, "Zambia": 0.5574786480478929, "Denmark": 113.11599783853968, "Saint Lucia": 3.3606089736074964, "Russia": 21.262009194215743, "Honduras": 1.9319049246557813, "Gibraltar": 0.4238958572657869, "Qatar": 4.7063051222204235, "Madagascar": 0.03231186368372652, "Niger": 0.00796690645114428, "Uruguay": 44.13147531596263, "Greenland": 0.0, "Austria": 485.7975210570274, "Nicaragua": 0.1636892894431277, "Andorra": 170.3722633955192, "Bhutan": 56.93003876709118, "Cyprus": 336.70936618186477, "Netherlands": 247.39068960302052, "Malawi": 0.03834319690345863, "Sri Lanka": 1.9957935015495905, "Australia": 197.51039465475188, "New Zealand": 346.67480170835876, "Nigeria": 0.01727391721039277, "Malaysia": 69.30251813651155, "Cayman Islands": 0.5132310976986717, "Bulgaria": 21.134406902497293, "Lesotho": 0.7057933399458327, "Croatia": 36.396522960751604, "Nepal": 0.09038206496253363, "Kiribati": 2.3079483311104148, "South Africa": 1.7123359103919662, "Djibouti": 0.08804211934989699, "Vanuatu": 47.01849394095011, "Albania": 1.8118719354901518, "Germany": 204.52164906485513, "Mali": 0.021801340560070773, "Libya": 1.4712650965921368, "Guatemala": 9.43919091842975, "Gabon": 0.07233010037511048, "Bahrain": 58.921307455891274, "Brazil": 17.033239514709468, "Curacao": 0.31738374233518263, "Botswana": 0.0, "Hong Kong SAR": 0.03996057223539441, "Guinea": 0.02684602135587576, "Armenia": 1.1736796116443895, "North Macedonia": 12.69866258810126, "China": 1.3304776520453534, "Belgium": 92.22103417054589, "Thailand": 30.440371348401385, "Serbia": 29.84069159973321, "Comoros": 0.06715688957493382, "South Korea": 711.3047798944119, "West Bank and Gaza": 2.7593867782747656, "France": 157.64075815653297, "Moldova": 12.615933413243203, "Bolivia": 2.237203086670215, "Azerbaijan": 0.7739096831151978, "Antigua and Barbuda": 1.765157555021432, "Czech Republic": 71.9915202400151, "Cambodia": 0.6351500861386561, "Dominica": 26.85733384262796, "Portugal": 63.68423835549768, "Congo": 0.05044664396532288, "Costa Rica": 16.072826346936953, "Kyrgyzstan": 0.17699780743966037, "Tajikistan": 0.0, "United Arab Emirates": 3.533951071489725, "Cameroon": 0.07232188472377402, "Republic of Korea": 14.633788429262488, "Jamaica": 0.8964067318110472, "Romania": 18.71570816419649, "Tonga": 234.05308302048783, "Sweden": 5.187631780257306, "Poland": 24.623384454395982, "Kazakhstan": 0.2507764230964006, "South Sudan": 0.10331273445291536, "Morocco": 0.15863541704583306, "Montenegro": 14.85662666399385, "Sao Tome and Principe": 0.3985672834716805, "Timor-Leste": 0.3314245854955566, "Equatorial Guinea": 1.0640649260812007, "Argentina": 10.885301487310729, "Fiji": 2.905450384137461, "Ghana": 0.05119173610207298, "Senegal": 0.0412011275293416, "Spain": 36.226836689255734, "Cuba": 6.517981151198494, "Suriname": 5.946524526710706}