{"Switzerland": 32.675359037438206, "Ukraine": 52.980712647216, "Colombia": 4.194382070196072, "Curacao": 0.31738374233518263, "Argentina": 2.7310211166837943, "Georgia": 131.82210091022142, "Norway": 28.232731953971115, "Guatemala": 4.541067329092354, "Greenland": 0.0, "Brazil": 5.0979232268750145, "Serbia": 72.10969081962138, "Monaco": 9.899247657178055, "Kazakhstan": 7.241651479260675, "Denmark": 43.69765865450445, "Cyprus": 18.176346316012168, "Iran": 10.056731100605214, "Slovenia": 160.69791624331828, "Equatorial Guinea": 0.8744295927201945, "Jordan": 21.273659645600034, "Angola": 0.12972610084435757, "Pakistan": 0.2422231931760323, "Liberia": 0.008680149175886383, "Estonia": 98.52328149616686, "Saint Vincent and the Grenadines": 15.113877252064594, "Bolivia": 6.241337507460446, "Samoa": 0.0, "Uzbekistan": 0.7840399583858987, "Botswana": 38.26148019590126, "Ghana": 0.16061994263219226, "South Korea": 4.240204361273965, "Comoros": 1.1416671227738748, "Indonesia": 0.17208805847727057, "Bulgaria": 58.85072201134347, "Kyrgyzstan": 1.1084487690908729, "Palau": 0.0, "Malaysia": 16.214287102625384, "Laos": 14.262889279191077, "Ivory Coast": 0.003888547388016057, "Romania": 38.00634186409663, "Italy": 10.48683049975444, "Solomon Islands": 0.0, "Spain": 5.892197987914983, "Channel Islands": 0.5805211919261113, "Mali": 0.24926199373680918, "Slovakia": 106.44993462421832, "Honduras": 1.0905442063307296, "Saint Lucia": 11.879361953217195, "Zambia": 0.12877196891780596, "Saint Martin": 2.631440450502605, "Senegal": 0.018409014428003696, "Uganda": 0.13069273428878264, "Kuwait": 0.556883984189792, "Mongolia": 29.2520843549674, "Ireland": 73.93443235274084, "Timor-Leste": 0.1878072651141487, "Guam": 0.0, "Belarus": 20.801897845342893, "Cote d'Ivoire": 0.0733268936025885, "Trinidad and Tobago": 25.049127934990242, "Algeria": 0.2601441468008286, "Bhutan": 0.018720828269349288, "Yemen": 0.055355943764122076, "Belgium": 87.53503382360523, "China": 0.0050899401625408, "Mexico": 2.3339675342999584, "Puerto Rico": 0.0, "Andorra": 31.85220576524925, "Nicaragua": 0.3906717708042648, "Faroe Islands": 0.5869474623326466, "Afghanistan": 0.0368016679777699, "India": 0.8696566494658453, "Australia": 5.573073329271045, "Austria": 102.90400131999841, "Costa Rica": 5.442515419115999, "Moldova": 44.260586163035605, "Maldives": 26.394588060121542, "Qatar": 4.595331153636447, "Mozambique": 0.03152017791004586, "Iceland": 40.01279460507333, "Jamaica": 3.154382607616172, "Bahamas, The": 4.878274220631506, "Bangladesh": 0.1276588518651826, "Sierra Leone": 0.0, "Hong Kong SAR": 0.03996057223539441, "Greece": 64.10648301588122, "Gabon": 3.813768928869462, "Ecuador": 3.0686844094403187, "Netherlands": 66.42877541777607, "Burkina Faso": 0.1342709844072301, "Saint Kitts and Nevis": 9.736018671520252, "Cuba": 4.54531812632407, "Lebanon": 10.568870496349957, "United Kingdom": 50.73648605299706, "Suriname": 16.537235563951675, "Vanuatu": 0.0, "Marshall Islands": 0.0, "Antigua and Barbuda": 5.295472665064296, "Kiribati": 0.0, "Tajikistan": 0.0030652691123897163, "North Macedonia": 26.041857726570505, "Cambodia": 0.4705136381627425, "Congo": 1.3647144735882082, "Belize": 39.37827702471499, "Republic of Korea": 14.633788429262488, "Cabo Verde": 1.324831895717546, "Armenia": 56.53464960616289, "Luxembourg": 37.79435813196316, "Czech Republic": 80.57657162239116, "Panama": 3.081573592771328, "Mauritius": 9.23252961040418, "Tanzania": 0.010343853302231205, "Liechtenstein": 43.211476968282774, "Montenegro": 101.92977706563943, "Thailand": 11.17466934987857, "Ethiopia": 0.23427409337296073, "Somalia": 0.7224769469955852, "Guinea-Bissau": 0.5057095350194186, "Paraguay": 0.6043098404435456, "Singapore": 49.60302675645473, "Chile": 12.08313322292832, "Egypt": 0.9742193178665756, "Burundi": 0.11646050266830835, "Kenya": 0.1567858899090077, "Malta": 7.6167284957444386, "Benin": 0.035105534560630085, "Chad": 0.0, "Grenada": 1.9132140593172886, "Gambia, The": 0.008518954247252424, "Macao SAR": 0.0, "West Bank and Gaza": 5.232163217148617, "Mauritania": 1.2657879425775458, "Cayman Islands": 0.5132310976986717, "Cameroon": 0.7718014873575273, "Venezuela": 3.2894011252487174, "Saudi Arabia": 0.12839769481782234, "Portugal": 11.597542489510358, "Syria": 1.1080337510093339, "Japan": 0.14583848079151698, "Nigeria": 0.039594946033698654, "Niger": 0.12318063051384616, "Sweden": 7.119625302703869, "Zimbabwe": 0.21557131920556288, "Libya": 8.389162012086969, "Bosnia and Herzegovina": 24.65919418358073, "El Salvador": 8.805780541133144, "Tunisia": 2.842552877316432, "Aruba": 0.5374913665449248, "Sri Lanka": 3.0598672528682163, "Gibraltar": 0.4238958572657869, "Poland": 37.520487789817906, "Nepal": 0.9772248681308194, "Sudan": 0.1955336471263531, "Fiji": 2.439936234192785, "New Zealand": 3.312124117493245, "Guinea": 0.0335575266948447, "Canada": 6.724944860202743, "France": 13.569747206488946, "Sao Tome and Principe": 0.9964182086792012, "Togo": 0.06539810602135916, "Germany": 38.67907779695953, "Haiti": 0.32216519771385993, "Rwanda": 0.22853612992165848, "Finland": 13.829441068543773, "Uruguay": 5.674282640681562, "Eswatini": 0.24885185973216073, "Albania": 20.305979122330235, "Dominican Republic": 9.19083583342071, "Russia": 27.537595446423058, "Vietnam": 7.960787065070772, "Barbados": 108.60178929162467, "Dominica": 70.62484084542908, "United States of America": 23.47950036473822, "Lithuania": 99.74929141556338, "Malawi": 0.022239054204006008, "Iraq": 2.6511030527511616, "Peru": 3.0869192397024694, "Lesotho": 0.30920470130960287, "Oman": 0.24694972580253058, "Turkey": 33.83741920830939, "Kosovo": 0.7643472760892425, "Azerbaijan": 22.101321281892023, "Brunei": 17.144769444064362, "South Sudan": 0.1420550098727586, "Latvia": 83.01266594784593, "Hungary": 65.14582917182358, "Guyana": 12.099948862659561, "Dem. Rep. Congo": 0.01333258782769396, "Papua New Guinea": 2.103112308329677, "Central African Republic": 0.0, "Israel": 5.413969018400552, "Philippines": 1.8203888987301877, "Morocco": 0.40540162133935115, "San Marino": 17.298118302252973, "Croatia": 134.6597594169813, "Namibia": 0.41233075111200446, "Madagascar": 0.021188107333591163, "Seychelles": 32.92482165721603, "South Africa": 0.5127981313070114, "Tonga": 0.0, "Djibouti": 0.1320631790248455, "Bahrain": 1.584233706156332, "United Arab Emirates": 0.7544554211372354}