{"Madagascar": 0.06250491663409392, "Sri Lanka": 3.0670746489670497, "Hong Kong SAR": 0.03996057223539441, "Saint Vincent and the Grenadines": 1.2917843805183413, "Belgium": 22.503250936064955, "Mongolia": 0.11073623695853801, "Trinidad and Tobago": 1.1264938973217198, "Suriname": 1.6709242471749093, "Saint Martin": 2.631440450502605, "Sierra Leone": 0.049366910511778536, "Guam": 0.0, "Gambia, The": 0.008518954247252424, "Central African Republic": 0.0270951350835486, "Grenada": 5.3569993660884085, "Cyprus": 34.81515251742396, "Fiji": 0.03210442413411559, "Georgia": 93.35446889977581, "Zimbabwe": 0.7325523109655102, "Maldives": 3.470847971208643, "Japan": 2.1009113652580904, "Liberia": 0.28065815668699307, "Brazil": 21.450347596778613, "Libya": 8.680042503963351, "Antigua and Barbuda": 0.8825787775107161, "Nigeria": 0.3134185225539989, "France": 18.774689725149276, "Canada": 17.953455506978106, "India": 2.005922832460922, "Somalia": 0.0, "Peru": 4.333551251522526, "Cambodia": 0.005199045725555166, "Switzerland": 52.42585010911668, "Belarus": 20.3793710846105, "Macao SAR": 0.0, "Liechtenstein": 63.87783551833106, "New Zealand": 0.034864464394665735, "Sudan": 0.692375968920107, "Channel Islands": 0.5805211919261113, "Bulgaria": 32.08252117582583, "Italy": 29.092230024091165, "Jamaica": 2.65530210287813, "Laos": 0.0, "Honduras": 3.7773285211213574, "Ukraine": 25.37495765355395, "Uruguay": 11.571409835978981, "Kyrgyzstan": 4.756816074940872, "Australia": 0.04055192316397324, "Austria": 32.26451774153397, "Serbia": 84.61616389650688, "Azerbaijan": 41.440511871560744, "Hungary": 43.98326805127496, "Venezuela": 1.4538291296789183, "Colombia": 18.6499594647595, "Denmark": 55.25674264963913, "Puerto Rico": 0.0, "United Kingdom": 32.09339347216238, "China": 0.00753270261002524, "Finland": 8.221582012493181, "Bosnia and Herzegovina": 27.156272990868565, "South Korea": 1.7750399414376614, "Bahamas, The": 4.768237960015757, "Congo": 0.403573151722583, "West Bank and Gaza": 38.94241760455835, "Guyana": 5.256086383779717, "Norway": 7.554372785110257, "Timor-Leste": 0.0, "Cote d'Ivoire": 0.10776831332501643, "Albania": 27.71863751034381, "Armenia": 30.501180031005433, "Samoa": 0.0, "Philippines": 1.186549489046751, "Gabon": 0.4865843116143796, "Luxembourg": 102.09085763694924, "Zambia": 0.31913053166586697, "Cabo Verde": 6.9358846305212705, "Oman": 3.916737511565718, "Kenya": 0.8841963358126707, "Mauritius": 0.1015803991364763, "Niger": 0.17527194192517415, "Pakistan": 1.3007622947271733, "Kazakhstan": 4.820308661794505, "Paraguay": 12.52422004892395, "Algeria": 1.1845849541823446, "Costa Rica": 18.900217352499553, "Sweden": 61.52656294560594, "Greenland": 0.0, "Chile": 9.212729522809104, "Iceland": 2.451376744579591, "Spain": 19.046696137893175, "Belize": 43.25754966841368, "Iraq": 3.3354110785675344, "Syria": 0.8511105172027891, "San Marino": 82.69344359125813, "Uzbekistan": 0.5049676780271631, "Poland": 27.95714269987946, "Jordan": 24.925098135591345, "Qatar": 5.377193205023549, "Republic of Korea": 14.633788429262488, "Seychelles": 2.633985732577282, "Singapore": 0.1552912370682788, "Guinea": 0.1677876334742235, "Mozambique": 0.33401979576317253, "Guinea-Bissau": 0.022310714780268463, "Uganda": 1.1875290424264695, "Monaco": 10.999164063531172, "Malawi": 0.03144142146083608, "Malta": 18.67235306606006, "Moldova": 51.21628187532222, "Cameroon": 0.2821105579683093, "United States of America": 66.50605047861431, "Tajikistan": 0.40614815739163745, "Kuwait": 6.027250438639517, "Vietnam": 0.0035543194843490437, "Senegal": 0.5978546590427868, "Sao Tome and Principe": 0.3321394028930671, "Dem. Rep. Congo": 0.1812244345468031, "Tanzania": 0.0, "Faroe Islands": 0.5869474623326466, "Montenegro": 69.11660936417542, "Gibraltar": 0.4238958572657869, "Brunei": 0.0, "Botswana": 5.066390489473473, "Tunisia": 9.736995696213699, "Chad": 0.06091654386906698, "Saint Kitts and Nevis": 0.8113348892933543, "Croatia": 84.91000087804021, "Burundi": 0.026017771872707186, "Ghana": 0.35928145062464056, "Yemen": 0.0029392536511923225, "Ecuador": 3.563686556943822, "Guatemala": 3.3554684697726755, "Latvia": 35.60993173543225, "Egypt": 0.5135783695852281, "Germany": 29.77765731188721, "Bhutan": 0.13104579788544501, "Iran": 10.359799338984567, "Curacao": 0.31738374233518263, "Cuba": 0.7134359565999512, "United Arab Emirates": 12.315461264028942, "Lebanon": 22.092106664491766, "Dominica": 0.596829640947288, "Benin": 0.07505321181927811, "Papua New Guinea": 0.07487861159687706, "Estonia": 34.86920816314223, "Haiti": 0.2080121749018623, "Togo": 0.29164020252768275, "Solomon Islands": 0.0, "Czech Republic": 50.83416185818323, "Djibouti": 0.616294835449279, "Malaysia": 5.2242707582680685, "Thailand": 0.02298005925465729, "Cayman Islands": 0.5132310976986717, "South Africa": 13.745039159895166, "Netherlands": 52.616027617253614, "El Salvador": 3.7653676974528603, "Ethiopia": 0.41055323980103736, "Mexico": 8.553364493593438, "Morocco": 7.484458145461181, "Slovakia": 45.88183127414267, "Angola": 0.2801006468058101, "South Sudan": 0.05294777640711912, "Comoros": 0.2686275582997353, "Nicaragua": 0.11349124068056855, "Panama": 57.678579965135825, "Mauritania": 4.943201790714306, "Lesotho": 1.3645337905619432, "Turkey": 171.986376095073, "Aruba": 0.5374913665449248, "Lithuania": 100.04148061391308, "Argentina": 13.658920302706623, "Russia": 19.212365637906856, "Ivory Coast": 0.003888547388016057, "Andorra": 52.77836420404672, "Barbados": 0.5474883969788594, "Marshall Islands": 0.0, "Equatorial Guinea": 0.12642355557400403, "Saint Lucia": 0.7815369706063944, "Indonesia": 2.340133656550884, "Israel": 23.46579226832836, "Greece": 11.221867246723537, "Afghanistan": 0.5264891684166673, "Bolivia": 2.703752371522129, "Eswatini": 5.275659426321808, "Bahrain": 9.635970948983843, "North Macedonia": 39.86502391318613, "Rwanda": 0.7693295462709295, "Ireland": 6.750484849599199, "Namibia": 10.382717385639781, "Nepal": 3.2832158957384454, "Kosovo": 24.95275378399673, "Mali": 0.3837035938572456, "Dominican Republic": 8.57492079638586, "Burkina Faso": 0.6917416160037405, "Slovenia": 72.63460973470714, "Vanuatu": 0.0, "Portugal": 37.34528315621867, "Bangladesh": 1.048169419947275, "Romania": 30.074731168066833, "Saudi Arabia": 0.47482134544642746}